"ID","Titulli i librit","Autori","Sasia","Vendndodhja","Lloji"
"1","Ne keshtjelle","Marianne Gruber","10","Dollapi 13",""
"2","Albumi","Fan S Noli","10","Dollapi 13",""
"3","Fije bari","Uollt Uitman","4","Dollapi 13",""
"4","Nje dore oriz","Kamala Markandoja","5","Dollapi 13",""
"5","Uashington DK","Gor Vidal","3","Dollapi 13",""
"6","Motosharra","Nils Parling","4","Dollapi 13","Roman"
"7","Krilla njemijekraheshe","Jasunar Kavabeta","4","Dollapi 13",""
"8","Pushtet pa lavdi","Frenk Hardi","1","Dollapi 13",""
"9","Pylli SA-NU","","1","Dollapi 13",""
"10","Proze skandinave","","1","Dollapi 13",""
"11","Kurosivo","T. Rako","2","Dollapi 13","Roman"
"12","Poezi japoneze","","2","Dollapi 13","poezi"
"13","Prijesi I senindeve","Oskeola","1","Dollapi 13",""
"14","Po tani o I shkrete","","1","Dollapi 13","roman"
"15","Skenderbeu","Antonio Xonkada","1","Dollapi 13",""
"16","Perralla e fucise","Xh. Suift","1","Dollapi 13",""
"17","Rrefimi I Helemes","Onufri","5","Dollapi 13",""
"18","Aforizma","Oscar Wilde","4","Dollapi 13",""
"19","Mefisto","Klaus Man","4","Dollapi 13","Roman"
"20","Hija e Klaudios","M.L Gusman","4","Dollapi 13",""
"21","Njeriu I padukshem","Herberi XhorxhUell","6","Dollapi 13",""
"22","Nje ngjarje ne korrik","","2","Dollapi 13","Roman"
"23","Sduhet te jete keshtu","Xhejm Uells","2","Dollapi 13",""
"24","Parajsa e humbur","Xhon Militon","4","Dollapi 13",""
"25","Poema","","3","Dollapi 13",""
"26","Gjermania , nje perralle dimri","H. Haine","3","Dollapi 13",""
"27","Zoter te vesez","Zhak Rumen","2","Dollapi 13",""
"28","Lamtumire stine","Ernest Heminguej","1","Dollapi 13",""
"29","Geci I berlinit","N. Genit","1","Dollapi 13",""
"30","Vrasjet e shekullit","Kirk Uillson","9","Dollapi 13",""
"31","Saga e forsaideve","Xhon Gallsuhi","4","Dollapi 13","Roman"
"32","David Koperfildi","Carls Dikens","7","Dollapi 13","Roman"
"33","Panairi I kotesirave","","11","Dollapi 13",""
"34","Gjeniu","Teodor Drajzer","6","Dollapi 13","Roman"
"35","Xhon O Kilens","Sangblladet","2","Dollapi 13","Roman"
"36","Katerina","Sali Salminen","2","Dollapi 13",""
"37","Tregime e novela te shekullit njezet","","1","Dollapi 13",""
"38","Pasterti dhe vepra e tij","H.Hajderi","1","Dollapi 13",""
"39","Ortan","Henaro Perjeto","1","Dollapi 13","Roman"
"40","Bari biri I kazanit","Xhejms","1","Dollapi 13",""
"41","Djaloshi zezak","","1","Dollapi 13","Roman"
"42","Debora e kilomaxhios","","","Dollapi 13",""
"43","Beteja vazhdon","","1","Dollapi 13",""
"44","Te padukshmit","Vivien Ogilvi","2","Dollapi 13","Roman"
"45","Stuhia e shkretetires","M.E Morris","1","Dollapi 13",""
"46","Mikelanxhelo","Herman Arim","1","Dollapi 13",""
"47","Ora e gjermanishtes","","1","Dollapi 13","Roman"
"49","Nenpesha e Dhunes","Toni Lubonja","10","Dollapi 1","Histori"
"50","Nata para apokalipsit","Kasem Trebeshina","19","Dollapi 1",""
"51","Dhe engjejt simulojne","Fatmir Musai","7","Dollapi 1","Tregime;ese"
"52","Mekati I bukur","Xhevahir Lleshi","5","Dollapi 1","Roman"
"53","Pashai I Elbasanit","B.Myftari; S.Mazreku","2","Dollapi 1",""
"54","Kenge ne miniere","Dhimiter S. Shuteriqi","5","Dollapi 1","Tregime dhe perskrime"
"55","Syte e Simonides","Dhimiter S. Shuteriqi","9","Dollapi 1","Roman"
"56","Gurnecka","Dhimiter S. Shuteriqi","4","Dollapi 1","Tregime"
"57","Vepra Poetike e Z. Sermbes","Klara Kodra","3","Dollapi 1","Monografi"
"58","Toke e ashper","Teodor Laco","12","Dollapi 1","Roman"
"59","Nje vit I hidhur","Teodor Laco","5","Dollapi 1","Roman"
"60","Dallget e detit","Ramiz Lika","1","Dollapi 1","Roman"
"61","Kreshnikasit","Apostol Nasi","1","Dollapi 1","Roman"
"62","Te gjithe lumenjte rrjedhin","Teodor Laco","2","Dollapi 1","Roman"
"63","Belxhiku qe kendon vence","Shevqet Musaraj","7","Dollapi 1","Roman"
"64","Gjurma e vetetimes","Betim Muco","7","Dollapi 1","Roman"
"65","Taifun ne brigjet tona","Ramiz Lika","4","Dollapi 1","Roman"
"66","Stinet e jetes","Natasha Lako","5","Dollapi 1","Roman"
"67","Epopeja e Ballit Kombetar","Shevqet Musaraj","1","Dollapi 1","Poeme"
"68","Novela","Shevqet Musaraj","1","Dollapi 1","Novele"
"69","Drite","Shevqet Musaraj","1","Dollapi 1","Novele"
"70","Fundi I nje padrejtesie","Paskal Milo","2","Dollapi 1","Studim historiko-politik"
"71","Nen diellin e jugut","Sulejman Mato","1","Dollapi 1","Poezi"
"72","Mbi glob fryjne ereza","Sulejman Mato","4","Dollapi 1","Poezi"
"73","Jeta dhe motrat e saj","Eglantina Mondia","4","Dollapi 1","Roman"
"74","Nje loder per te rritur","Bardhyl Minxhozi","3","Dollapi 1","Tregime"
"75","Interviste me djallin","Ymer Minxhozi","2","Dollapi 1",""
"76","E panjohura","Stavri Madhi","1","Dollapi 1","Roman"
"77","9 vepra letrare","Dhimiter Shuteriqi","2","Dollapi 1",""
"78","4 vepra letrare","Dhimiter Shuteriqi","1","Dollapi 1",""
"79","Volteri","Koli Xoxi","1","Dollapi 1","Monografi"
"80","Kenge dhe tregime popullore per gruan","-","1","Dollapi 1","Tregime"
"81","Sami Frasheri","Zijai Xholi","2","Dollapi 1","Monografi"
"82","Vepra te zgjedhura","Risto Siliqi","2","Dollapi 1",""
"83","Te fala nga fshati","Sterjo Spasse","2","Dollapi 1","Tregime"
"84","Pse?!","Sterjo Spasse","8","Dollapi 1","Roman"
"85","Syte e dashurise","Nasi Lera","1","Dollapi 1","Tregime"
"86","Vepra letrare 1","Shevqet Musaraj","2","Dollapi 1",""
"87","Vepra letrare 4","Shevqet Musaraj","2","Dollapi 1",""
"88","Vepra letrare 7","Shevqet Musaraj","2","Dollapi 1",""
"89","Korbat mbi mermer","Teodor Laco","2","Dollapi 1","Roman"
"90","Gjaku I Prillit","Nasi Lera","2","Dollapi 1","Roman"
"91","Pushimet e Kolonelit","Teodor Laco","5","Dollapi 1","Roman"
"92","Nje dite dhe nje jete","Teodor Laco","5","Dollapi 1","Novele"
"93","Zemerimi I nje njeriu te urte","Teodor Laco","2","Dollapi 1","Tregime e novela"
"94","Si ndodh ngahere","Lliko Nano","7","Dollapi 1",""
"95","Portat e Dashurise","Teodor Laco","4","Dollapi 1","Tregime"
"96","Perballimi","Teodor Laco","1","Dollapi 1","Roman"
"97","Ajri I ftohte I mesnates","Teodor Laco","3","Dollapi 1","Tregime"
"98","Drama","Teodor Laco","5","Dollapi 1","Drame"
"99","Lendina e loteve","Teodor Laco","1","Dollapi 1","Roman"
"100","Njeriu pa emer","Niko Nikolla","9","Dollapi 1","Roman"
"101","Vlaga e dheut","Filip Ndocaj","2","Dollapi 1","Roman"
"102","Zgjimi","Sterjo Spasse","9","Dollapi 1","Roman"
"103","Ara ne Mal","Petro Marko","8","Dollapi 1","Roman"
"104","Griva","Petro Marko","3","Dollapi 1","Roman"
"105","Ultimatum","Petro Marko","2","Dollapi 1","Roman"
"106","Te thjeshtet","Petro Marko","3","Dollapi 1","Roman"
"107","O sot, O kurre","Sterjo Spasse","2","Dollapi 1","Roman"
"108","Ata nuk ishin vetem","Sterjo Spasse","2","Dollapi 1","Roman"
"109","Kurora e Rinise","Sterjo Spasse","1","Dollapi 1",""
"110","Studime e artikuj per letersine e huaj te shek. XX","Iskra Thoma","1","Dollapi 1",""
"111","Porosia e madhe","Rexhep Qosja","2","Dollapi 1","Monografi"
"112","Panteoni I rralluar","Rexhep Qosja","1","Dollapi 1","Kritike letrare"
"113","Naim Frasheri","Dhimiter Shuteriqi","1","Dollapi 1","Monografi"
"114","Marin Becikemi dhe shkrime te tjera","Dhimiter Shuteriqi","3","Dollapi 1","Studime letrare"
"115","Stuhia","Ramiz Lika","2","Dollapi 1","Roman"
"116","Tradita dhe risi letrare","Jorgo Bulo","2","Dollapi 1",""
"117","Poetika e dokumentit","Nasho Jorgaqi","2","Dollapi 1","Studime letrare"
"118","Nga romantizmi rrjedhave te realizmit","Ali Xhiku","3","Dollapi 1",""
"119","Nga jeta ne teater, nga teatri ne jete","Ismail Hoxha","1","Dollapi 1","Studime,kritika"
"120","Vepra letrare","Haki Shtermilli","1","Dollapi 1",""
"121","60 tregime ne nje","Dhimiter Shuteriqi","1","Dollapi 1","Tregime"
"122","Fyelli I Marsianit","Dhimiter Shuteriqi","1","Dollapi 1","Tregime"
"123","Pishtare","Sterjo Spasse","3","Dollapi 1","Roman"
"124","Kryengritesit","Sterjo Spasse","4","Dollapi 1","Roman"
"125","Marreveshje per te jetuar","Faruk Myrtaj","3","Dollapi 1","Tregime e novele"
"126","Operacioni vazhdon","Stavri Madhi","2","Dollapi 1","Roman"
"127","Ata qe kam njohur","Faruk Myrtaj","7","Dollapi 1","Tregime"
"128","Dite qe veshtrojne larg","Betim Muco","3","Dollapi 1",""
"129","Perseri me shoket","Xhevair Lleshi","2","Dollapi 1","Tregime"
"130","Drita e syve","Sulejman Mato","4","Dollapi 1","Tregime"
"132","Na ruaj mend o zot!","Dhimiter Xhuvani","          19","Dollapi III","Tregime"
"133","Shqiptaret dhe Garibaldi","Koli Xoxo","           2","Dollapi III",""
"134","Keshilltaret","Fatmir Gjata","           2","Dollapi III",""
"135","Me nje torb ne fisheke","Fatmir Gjata","           4","Dollapi III","Ditar"
"136","E perditshme","Nde Gjetja","           2","Dollapi III","Roman"
"137","Shtegu I bardhe","Dhimiter Xhuvani","           3","Dollapi III","Roman"
"138","Vdekja e zotit Kaloti","Dhimiter Xhuvani","           6","Dollapi III","Tregime"
"139","Rrugeve te kantiereve","Dhimiter Xhuvani","          2","Dollapi III","Tregime"
"140","Shpirtin nuk e shes","Dhimiter.Xhuvani","          8","Dollapi III","Roman"
"141","Juga e bardhe","Jakov Xexa","          6","Dollapi III","Roman"
"142","Do te jetojme ndryshe","Dhimiter.Xhuvani","           7","Dollapi III","Roman"
"143","Perseri ne kembe","Dhimiter.Xhuvani","           7","Dollapi III","Roman"
"144","Zgjimin I Nebi Surelit","Dhimiter.Xhuvani","           2","Dollapi III","Roman"
"145","Tregime te zgjedhura","Dhimiter.Xhuvani","           1","Dollapi III",""
"146","E nesermja e nje gruaje","Dhimiter Xhuvani","          3","Dollapi III","Roman"
"147","Krait Dropollite","Spiro Xhai","          4","Dollapi III",""
"148","Atje ku mbrojne garet e kaldremit","Spino Xhikaidi","           5","Dollapi III",""
"149","Novela","Jakov xoxa","           1","Dollapi III",""
"150","Tete dite pa buke","Qamil Guranjaku","          4","Dollapi III","Tregime"
"151","Kthimet","Ndoc Gjetja","          4","Dollapi III","Poezi"
"152","Trendafil ne minier","Gazment Kongoli","          3","Dollapi III",""
"153","Nje cast frazimi","Klementa Hysa","          2","Dollapi III",""
"154","Ku rilindej Shqiperia","Milot Sotir Gurra","          2","Dollapi III","Vellim Poetik"
"155","Tregime te zgjedhura","Milot Sotir Gurra","          2","Dollapi III",""
"156","Fundi I nje vjeshte","Loni Papa","          2","Dollapi III","Roman"
"157","Luginat","Hasan Petrela","          6","Dollapi III","Roman"
"158","Ura nen shelgje","Andrea Prifti","          6","Dollapi III","Tregime"
"159","Kthesa te forta","Bazi Brahimi","          2","Dollapi III",""
"160","Te munduarit","Hasan Petrela","          1","Dollapi III","Roman"
"161","Ktu muzaka me Hastem","Gazmend Kongoli","          1","Dollapi III",""
"162","Bashke kohesisht","Vito Koci","          1","Dopllapi III","Roman"
"163","Qendresa","Vito Koci","          4","Dollapi III","Roman"
"164","Buka e nje stine me barre","Koco Kosta","          4","Dollapi III",""
"167","Tregime te mocme shqiptare","Mitrush Kuteli","18","Dollapi 10",""
"168","Vepra Letrare","Jeronim De Rada","10","Dollapi 10",""
"169","Vepra letrare 2","Pashko Vaso","2","Dollapi 10",""
"170","Poezia Shqipe","Dhori Qirjazi","5","Dollapi 10","Poezi"
"171","Vjersha te Zgjedhura","Fan Noli","12","Dollapi 10","Poezi"
"172","Poezi te zgjedhura","Fan Noli","6","Dollapi 10","Poezi"
"173","Rrefime te Arberit","Jeronim De Rada","2","Dollapi 10","Poem"
"174","Zani i Atdheut","Hil Mosi","2","Dollapi 10","Poezi/Proza"
"175","Asdren Vepra 1","Asdreni","2","Dollapi 10",""
"176","Asdren Vepra 2","Asdreni","3","Dollapi 10",""
"177","Albumi","Fan S.Noli","26","Dollapi 10","Poezi"
"178","Kthimi i Mid'hat Frasherit","PHJENIX","9","Dollapi 10",""
"179","Rrembimi i Europes","Aurel Plasari","8","Dollapi 10","Ese"
"180","Poezi te zgjedhura , Perkthime,Introdukta","Fan S.Noli","5","Dollapi 10","Poezi"
"181","Vepra 1","Fan S.Noli","8","Dollapi 10",""
"182","Vepra 2","Fan S.Noli","4","Dollapi 10",""
"183","Vepra 3","Fan S.Noli","1","Dollapi 10",""
"184","Vepra 5","Fan S.Noli","1","Dollapi 10",""
"185","Ballada e yjeve te ndezur","Perikli Jorgoni","2","Dollapi 10","Poem"
"186","Shenje ne lis","Ali D.Jasiqi","2","Dollapi 10",""
"187","Te birte e shekullit te ri","Migjeni","3","Dollapi 10","Poem"
"188","Njerez dhe gure","Anastas Kondo","2","Dollapi 10","Tregim"
"189","Portat e Diellit","Anastas Kondo","10","Dollapi 10","Tregim"
"190","Rrethimi i Shkodres","Marlin Barleti","2","Dollapi 10",""
"191","Kenga e sprasme e Bales","Gauril Dora","6","Dollapi 10","Poem"
"192","Migjeni Poezi Shqiptare","Migjeni","3","Dollapi 10","Poezi"
"193","Naim Frasheri Poezi Shqiptare","Naim Frasheri","4","Dollapi 10","Poezi"
"194","Ndre Mjeda Poezi shqiptare","Ndre Mjeda","2","Dollapi 10","Poezi"
"195","Poete e Rilindjes","","1","Dollapi 10","Poezi"
"196","Parada e dasmes","Kristaq Cepa (Kapa)","2","Dollapi 10",""
"197","Skenderbeu","Frank Bardhi","2","Dollapi 10","Apologji"
"198","Poezi","Ndre Mjeda","4","Dollapi 10","Poezi"
"199","Poezi Shqipe","Jeronim De Rada","2","Dollapi 10","Poezi"
"200","Serafina Topia","Jeronim De Rada","2","Dollapi 10","Poeme"
"201","Flamuri i Arberit","Jeronim De Rada","1","Dollapi 10",""
"202","Vrases me duar te bardha","Skifter Kelleci","6","Dollapi 10","Roman"
"203","Mallkimi i shkronjave shqipe dhe sperfolja  shqiptareve","Petro N. Luarasi","5","Dollapi 10",""
"204","Vepra Letrare","Ndre Mjeda","4","Dollapi 10",""
"205","Magjia dhe magjistaret e fjales","Jorgo Bulo","8","Dollapi 10","Kritik"
"206","Ata do te kthehen perseri","Stephen King","2","Dollapi 10",""
"207","Kur mbaron dhe kur vdes burri","Anastas Kondo","5","Dollapi 10","Novel"
"208","Mirupafshim ne Saigon","Anastas Kondo","4","Dollapi 10","Tregime"
"209","Ata qe do te doja ti kisha shoke tere jeten","Anastas Kondo","1","Dollapi 10","Tregime"
"210","Keshtjella me Barbane","Jonuz Dini","3","Dollapi 10","Roman"
"211","Fshati midis ujerave","Kole Jakova","2","Dollapi 10","Roman"
"212","Shpate dhe dashuri","Jonuz Dini","3","Dollapi 10","Roman"
"213","Udhezime per kapercimin","Mehmet Kroja","5","Dollapi 10","Roman"
"214","SOS per mua a per ti","Mico Kallamata","3","Dollapi 10","Roman"
"215","Mic sokoli","sulejman Krasniqi","4","Dollapi 10","Roman"
"216","Shetitje ne Kozmos","Alqi Kristo","7","Dollapi 10","Roman"
"217","Beteja te nendheshme","Sulejman Krasniqi","1","Dollapi 10","Roman"
"218","Tri motra , tri histori","Suljeman Krasniqi","2","Dollapi 10","Roman"
"219","Dardanet","Sulejman Krasniqi","1","Dollapi 10",""
"220","Shkendijat","Alqi Kristo","1","Dollapi 10","Novel"
"221","Rruga shtepise time","Nazmi Rrahmani","1","Dollapi 10","Roman"
"222","Zani i zemres","Filip Shiroka","1","Dollapi 10","Poem"
"223","Ndre Mjeda","Rinush Idrizi","1","Dollapi 10","Biografi"
"224","Vajzat dhe dallendyshet","Ali Asllani","1","Dollapi 10","Poezi"
"225","Ditet e Teutes","Diana Culi","1","Dollapi 10","Tregime/novele"
"226","Dhe nata u nda ne mes","Diana Culi","1","Dollapi 10","Roman"
"227","Rekuiem","Diana Culi","1","Dollapi 10","Roman"
"228","Vlere shpirterore","At Anton Harapi","3","Dollapi 10","Analize"
"229","Agu i brishte","Lila Karaj","4","Dollapi 10",""
"230","Lirikat e Janit","Kico Papa","3","Dollapi 10",""
"231","Lufta Antifashiste Nacionalclirimtare ne qarkun e Korces","","1","Dollapi 10",""
"232","Yje te Pashuar","","1","Dollapi 10",""
"233"," Mjeshter te piktures","Eduard Guxholli","1","Dollapi 10",""
"234","Roman shqiptar i realizimit socialist per luften nacionalclirimtare","Jorgo Bulo","","Dollapi 10","Roman"
"235","Jakup Ferri","Xheladin Gosturani","1","Dollapi 10",""
"236","Rroba e fjaleve gjithnje ngushte rri","Faruk Myrtaj","1","Dollapi 10",""
"237","Ngjarje te diteve te veshtira","Shefqet peci","1","Dollapi 10",""
"238","Shtrojera","Nebil duraku","3","Dollapi 10","Roman"
"239","Ankthi i diteve te fundit","Skifter Kellici","2","Dollapi 10",""
"240","Krizantemat e shiut","Milarov Kallupi","1","Dollapi 10",""
"241","Dollia e fundit","Naun Kule","1","Dollapi 10","Tregime"
"242","Lajmetarja e vdekjes","Teodor Keko","2","Dollapi 10","Tregime/Novela"
"243","Te ju trokas","Hiqmet Mecaj","5","Dollapi 10","Poezi"
"244","Valbona e kalter","Avni R.Mulaj","5","Dollapi 10",""
"245","Poezi Shqipe","Tonin Miloti","5","Dollapi 10","Poezi"
"246","Kohet e eres","Vullnet Mato","1","Dollapi 10",""
"247","Fjalet","Suljeman Mato","1","Dollapi 10",""
"248","Kur qeshin syt e saj","Tasi Proko","2","Dollapi 10",""
"249","Fjala fishkellen","Teodor Keko","2","Dollapi 10",""
"250","Dafine e dites","Sami Milloshi","5","Dollapi 10",""
"251","Sule Dedaj","Salih Ceka","1","Dollapi 10",""
"252","Nikolla Koperniku","Nikolla Koperniku","1","Dollapi 10",""
"253","Mbrojta e pushtetit te ri popullor","","3","Dollapi 10",""
"254","Magjistari i nates","Astrit Karadaku","3","Dollapi 10","Roman"
"255","Nese me kerkon","hajderin Muja","2","Dollapi 10",""
"256","Pse e vrane Odisene","Anastas Kondo","4","Dollapi 10",""
"257","Loja","Teodor Keko","3","Dollapi 10",""
"258","Porta e Madhe","Enver Kushi","5","Dollapi 10",""
"259","Era e kohes","Anastas Dushku","2","Dollapi 10",""
"260","Qiriu","Gjike Kuqani","2","Dollapi 10",""
"261","Pellumbat e eger","Hekuran Miraka","1","Dollapi 10","Poezi"
"262","Heshtja e armeve","Ramiz Kelmendi","1","Dollapi 10","Roman"
"263","Vrasje ne pranevere","Skifter Kelleci","1","Dollapi 10",""
"264","Peshqeshi hidhur","Iljaz Kapxhiu","1","Dollapi 10",""
"265","kur kercasin bocet e pishave","Shefki Karadoku","1","Dollapi 10",""
"266","Jehona e kohes","Mark Krasniqi","1","Dollapi 10",""
"267","Takim apo duel","Mark Dodani","1","Dollapi 10",""
"268","Dua te harroj emrin tim","Pellumb Muka","1","Dollapi 10","Poezi"
"271","Tregimet e Donit","Mihail Shallohov","                 6","Dollapi 11","Tregim"
"272","Kolombreja","Dino Buxati","                 4","Dollapi 11","Tregim"
"273","Fati I Dites","Mario Luxi","                 2","Dollapi 11",""
"274","Te jetosh,te dashurosh ,te kuptohesh","Leo Buscaglia","                  5","Dollapi 11","Psikologji"
"275","Qente","Zahari Stanku","                  1","Dollapi 11",""
"276","Kasto Garcia Roza","Hezus Iskarai","                  1","Dollapi 11",""
"277","Njeriu me karafil","Janis Ricos","                   1","Dollapi 11","Poeme"
"278","Zoti president","Migel Anhel Asturias","                   1","Dollapi 11","Roman"
"279","Kasollja","Vicente Blasko Jbanjez","                   1","Dollapi 11",""
"280","Nen zgjedhje","Ivan Vazov","                   1","Dollapi 11","Roman"
"281","Garabomboja","Manuel Skorca","                    1","Dollapi 11","Roman"
"282","Apologjia e vertete e Sokratit","Kostas Varnalis","                    1","Dollapi 11","Ditari I Penelopes"
"283","Samarkanda ose ne gjurme te Omar Khajamit","Amin Maulouf","                    1","Dollapi 11",""
"284","Ballkon I hapur","Frederiko Garcia Lorka","                    1","Dollapi 11","Poezi"
"285","Jeta e Mihai Emineskut","Xheorxhe Kelinesku","                     2","Dollapi 11","Biografi"
"286","Mehmet Jmcakut","Jashar Qemal","                     3","Dollapi 11",""
"287","Autostrada e Jugut","Hulio Kortasar","                     2","Dollapi 11","Tregim"
"288","Ja vdekje,ja liri","Niko Kazanzaqi","                     1","Dollapi 11","Roman"
"289","Tokat e Sakramentos","Francesko Javine","                     2","Dollapi 11","Roman"
"290","Zemra","Edmondo De Amicis","                     6","Dollapi 11","Roman"
"291","Ne mos neser,pasneser","Rene Rexhani","                     6","Dollapi 11","Roman"
"292","Plaku qe lexonte romane dashurie","Luism Sepulvedo","                     5","Dollapi 11","Novele"
"293","Ushtari I mire Shvejk 1","Jarosllav Hashek 1","                     1","Dollapi 11","Roman"
"294","Ushtari I mire Shvejk 2","Jarosllav Hashek 2","                     1","Dollapi 11","Roman"
"295","Ushtari I mire Shvejk 3/4","Jarosllav Hasgek 3,4","                      3","Dollapi 11","Roman"
"296","Korrupsion ne pallatin e drejtysise","Ugo Beti","                      1","Dollapi 11",""
"297","Simploni I shkel syrin Frejusit","Elio Vitorini","                      1","Dollapi 11",""
"298","Eneida","Virgjil Marroni","                      1","Dollapi 11","Veper epike"
"299","Emri I trandafilit","Umberto Eko","                     17","Dollapi 11","Roman"
"300","Dita e Kukuvajkes","Leonardo Shasha","                        3","Dollapi 11","Roman"
"301","Ne Zhelanet","Saverio Strati","                       2","Dollapi 11","Roman"
"302","Keshilli I Egjiptit.Secilit hakun","Leonardo Shasha","                      3","Dollapi 11",""
"303","Ura e psheterimave","Mishel Xevako","                     4","Dollapi 11",""
"304","Toka e leruar","Ernesto Kastro","                      4","Dollapi 11","Roman"
"305","Leonardo Da Vinci","","                      2","Dollapi 11",""
"306","Xhordano Bruno","","                       2","Dollapi 11",""
"307","Dita e nje vezhguesi","Tregime Italiane","                      2","Dollapi 11","Tregim"
"308","Toka e mohuar","Karlo Levi","                      1","Dollapi 11","Roman"
"309","Ditari I nje mjeku fshati","George Ulieru","                      1","Dollapi 11","Ditar"
"310","Vjersha dhe poema te zgjedhura","Mihai Eminesku","                      1","Dollapi 11","Vjersha&Poema"
"311","Jeta ne Madrit","Hezus Jskarai","                      1","Dollapi 11",""
"312","I fundit vjen korbi","Italio Kalvino","                     17","Dollapi 11","Tregime"
"313","Mosbindja","Alberto Morabia","                      11","Dollapi 11","Roman"
"314","Helioni <Uji I ishullit kos","Vasil Vasilikos","                       3","Dollapi 11",""
"315","Poezi","Eminesku","                       3","Dollapi 11","Poezi"
"316","Njezet poezi dashurie dhe nje kenge e deshperuar","Pablo Neruda","                       8","Dollapi 11",""
"317","Enderr dhe debore","Ferrerja de Kastro","                       4","Dollapi 11",""
"318","Fanga","Alves Redol","                       2","Dollapi 11","Roman"
"319","ne luginen e Sierra Altes","Maria Alise Barozo","                       2","Dollapi 11",""
"320","Dyshimi","Luciano de Crescenzo","                       5","Dollapi 11","Roman"
"321","Lufta e Dyte Boterore","Roberto Batalia","                       2","Dollapi 11","Histori"
"322","Zjarr ne Kadaster","Karlo Montela","                       2","Dollapi 11","Proze&roman"
"323","Metelo  Salani","Vasko Pratolini","                        2","Dollapi 11",""
"324","Lule Shkembi","Lluka Perrone","                       2","Dollapi 11","Poezi"
"325","Ne hijen e bananeve","Karlos Luis Falas","                       2","Dollapi 11","Roman"
"326","Gabimi","Antonios Samaraqis","                        5","Dollapi 11",""
"327","Fuenteovehuna","Lope de Vega","                        4","Dollapi 11","Vellim"
"328","Poezi te zgjedhura","Pablo Neruda","                        2","Dollapi 11","Poezi"
"329","Novela Bullgare","","                        2","Dollapi 11","Novele"
"330","Zjarr I Mallit","Abdyl Latifi Arnaut","                        2","Dollapi 11",""
"331","Dhymbedhjete tregime pelegrine","Gabriel Garcia Marques","                       5","Dollapi 11","Tregim"
"332","Dialogje","Seneca","                    10","Dollapi 11","Dialog"
"333","Kenge","Xhakomo Leopardi","                      5","Dollapi 11","Kenge&Poezi"
"334","Vepra te zgjedhura","Lukiani","                       2","Dollapi 11","Filozofi"
"335","Dekemaroni 1","Bokaco","                       9","Dollapi 11","Doreshkrime&proze italiane"
"336","Dekameroni 2","Bokaco","                     10","Dollapi 11","Doreshkrime&proze"
"337","Dekemaroni 3","Bokaco","                      10","Dollapi 11","Doreshkrime&proze"
"338","Antologjia e poezise italiane XIX/XX","","                        5","Dollapi 11",""
"339","Pirati qe u be pape","Aleksanser Paradhisis","                        4","Dollapi 11","Roman"
"340","Don Kishoti I Mances","Migel de Sarvantes Savedra","                        1","Dollapi 11","Roman"
"341","Nen qiellin e zi","Armando Lopes Salinas","                        4","Dollapi 11","Proze&Roman"
"342","Per Atdheun","Vicente Blacko Ibanjez","                        2","Dollapi 11",""
"343","Papa Jeshil","M.A. Asturias","                        2","Dollapi 11","Roman"
"344","Jsmaeli","Eduardo Asvedo Dias","                        2","Dollapi 11",""
"345","Bertilon,166","Hoze Solee Puig","                        2","Dollapi 11","Roman"
"346","Zinxhiri I dobesive","Jon Luka Karaxhale","                       2","Dollapi 11","Tregim"
"347","Doktor Fausti Magjistar","Viktor Eftimiu","                       2","Dollapi 11","Tragjedi"
"348","Lirika te zgjedhura nga Canzoniere","Francesko Petrarka","                      19","Dollapi 11","Poezi lirike"
"350","Keshtjella","Ismail Kadare","3","Dollapi 5","Roman"
"351","Nentori","Ismail Kadare","3","Dollapi 5","Roman"
"352","Gjenerali I ushtrise se vdekur","Ismail Kadare","1","Dollapi 5","Novel"
"353","Nentori I nje kryeqyteti","Ismail Kadare","4","Dollapi 5","Roman"
"354","princesha Argjiro","Ismail Kadare","3","Dollapi 5","Poeme"
"355","Muzeu I armeve","Ismail Kadare","4","Dollapi 5","Roman"
"356","Emblema e dikurshme","Ismail Kadare","6","Dollapi 5","Novel"
"357","Linja te Largeta","Ismail Kadare","3","Dollapi 5","Novel"
"358","Kronik ne gur","Ismail Kadare","2","Dollapi 5","Novel"
"359","Poezi","Ismail Kadare","13","Dollapi 5","Poezi"
"360","Enderrimet","Ismail Kadare","1","Dollapi 5","Lirik/Poeme"
"361","Vepra letrare","Ismail Kadare","20","Dollapi 5","Roman"
"362","Komisari Rene","Dritero Agolli","5","Dollapi 5","Roman"
"363","Zhurma e ererave te dikurshem","Dritero Agolli","","Dollapi 5","Novel"
"364","Poezia Shqipe","Dritero Agolli","5","Dollapi 5","Poezi"
"365","Pelegrini I Vonuar","Dritero Agolli","1","Dollapi 5","Poezi"
"366","Vjen njeriu I cuditshem","Dritero Agolli","2","Dollapi 5","Poezi"
"367","Ardhja e Migjenit ne letersine shqipe","Ismail Kadare","4","Dollapi 5","Novel"
"368","Perbindeshi","Ismail Kadare","4","Dollapi 5","Roman"
"369","Ftese ne studio","Ismail Kadare","8","Dollapi 5","Roman"
"370","Eskili ky humbes I madh","Ismail Kadare","6","Dollapi 5","Roman"
"371","Dosja H","Ismail Kadare","4","Dollapi 5","Novel"
"372","Gjakftohtsia","Ismail Kadare","2","Dollapi 5","Novel"
"373","Enderr mashtruese","Ismail Kadare","1","Dollapi 5","Novel"
"374","Dimri I Madh","Ismail Kadare","12","Dollapi 5","Roman"
"375","Kush e solli Doruntinen","Ismail Kadare","2","Dollapi 5","Roman"
"376","Shkaba","Ismail Kadare","20","Dollapi 5","Roman"
"377","Bised permes hekurash","Ismail Kadare","4","Dollapi 5","Roman"
"378","Dialog me Alain Bosquet","Ismail Kadare","3","Dollapi 5","Novel"
"379","Ura me tri harqe","Ismail Kadare","3","Dollapi 5","Roman"
"380","Tri keng zie per kosoven","Ismail Kadare","13","Dollapi 5","Novel"
"381","Piramida","Ismail Kadare","20","Dollapi 5","Novel"
"382","Aksidenti","Ismail Kadare","1","Dollapi 5","Roman"
"383","Kalorsi Lakuriq","Dritero Agolli","3","Dollapi 5","Roman"
"384","Vjedhja e gjumit mbreteror","Ismail Kadare","4","Dollapi 5","Tregim"
"385","Ikja e Shtergut","Ismail Kadare","3","Dollapi 5","Novel"
"386","Kusheriri I Engjejve","Ismail Kadare","4","Dollapi 5","Roman"
"387","Nata me hene","Ismail Kadare","5","Dollapi 5","Novel"
"388","Ca pika shiu ran mbi qelq","Ismail Kadare","4","Dollapi 5","Poezi"
"389","Viti I mbrapshte","ismail Kadare","4","Dollapi 5","Roman"
"390","Pasardhesi","Ismail Kadare","19","Dollapi 5","Novel"
"391","Hamleti,Princi I veshtire","Ismail Kaddare","4","Dollapi 5","Roman"
"392","Koncert ne fund te dimrit","Ismail Kadare","5","Dollapi 5","Novel"
"393","Nusja nga Europa","Qamil Buxheli","5","Dollapi 5","Tregim"
"394","Njeriu me Top","Dritero Agolli","2","Dollapi 5","Novel"
"395","Deshtaku","Dritero Agooli","5","Dollapi 5","Roman"
"396","Lumi I Vdekur","Jakov Xaxo","1","Dollapi 5","Roman"
"397","Udhetoj I menduar","Dritero Agolli","4","Dollapi 5","Poezi"
"398","Nene Shqiperi","Dritero Agolli","1","Dollapi 5","Poezi"
"400","Arkitekti","Fahri Balliu","8","Dollapi 7",""
"401","Ferrparajsa","Xhevahir Spahiu","3","Dollapi 7",""
"402","Vdekja lexon gazetën","Rudolf Marku","4","Dollapi 7",""
"403","E pabesa","Vera Kreka","1","Dollapi 7",""
"404","Vepra detare 1","Martin Camaj","1","Dollapi 7",""
"405","Vepra detare 2","Martin Camaj","1","Dollapi 7",""
"406","Vepra detare 4","Martin Camaj","2","Dollapi 7",""
"407","Vepra detare 5","Martin Camaj","2","Dollapi 7",""
"408","Poezia shqiptare","Xhevahir Spahiu","5","Dollapi 7",""
"409","Zonja e Zezë Nexhmie Hoxha","Fahri Balliu","8","Dollapi 7",""
"410","Patroni i zi","Fahri Balliu","8","Dollapi 7",""
"411","Djaj të humbur","Bahri Myftari","1","Dollapi 7",""
"412","Zemra ime është mal","Fahri Balliu","1","Dollapi 7",""
"413","Dita e nesërme","Fahri Balliu","2","Dollapi 7",""
"414","Dashuri e huaj","Elvira Danes","7","Dollapi 7",""
"415","Kardigan","Elvira Danes","2","Dollapi 7",""
"416","Dasmë në fund të Shkurtit","Agim Asaku","4","Dollapi 7",""
"417","Deti në mes","Fatos Arapi","6","Dollapi 7",""
"418","Dhjetori i shqetësuar","Fatos Arapi","4","Dollapi 7",""
"419","Shënime të shkruara","Sotir Andoni","2","Dollapi 7",""
"420","Mërgata e qyqeve","Nasho Jorgaqi","2","Dollapi 7",""
"421","Tokë e papushtueshme","Skënder Jasa","3","Dollapi 7",""
"422","Feniks","Shefki Karsdaka","10","Dollapi 7",""
"423","I vetem në jetë","Muhamet Alija","7","Dollapi 7",""
"424","Maleve në Shënendre","Sotir Andoni","2","Dollapi 7",""
"425","I dërguar nga klasa","Sotir Andoni","2","Dollapi 7",""
"426","Tri novela","Sotir Andoni","2","Dollapi 7",""
"427","Tregime nga Morava","Sotir Andoni","1","Dollapi 7",""
"428","Tregime nga Voskopoja","Sotir Andoni","1","Dollapi 7",""
"429","Trokthet e kuajve nëpër male.","Sotir Andoni","1","Dollapi 7",""
"430","Zbulimi","Anastas Kondo","1","Dollapi 7",""
"431","Dikush më buzëqeshte","Fatos Arapi","1","Dollapi 7",""
"432","Poema me vjersha","Fatos Arapi","1","Dollapi 7",""
"433","Tregime të zgjedhura","Anastas Kondo","3","Dollapi 7",""
"434","Tregime të zgjedhura","Sotir Andoni","4","Dollapi 7",""
"435","Shokët","Anastas Dushku","2","Dollapi 7",""
"436","Skena dhe prapaskena","Dionis Dubani","2","Dollapi 7",""
"437","Poezia shqipe","Dionis Dubani","1","Dollapi 7",""
"438","Duke dalë prej ëndrës","Fatos Arapi","6","Dollapi 7",""
"439","Poezia shqipe","Fatos Arapi","4","Dollapi 7",""
"440","Drama","Dionis Dubani","1","Dollapi 7",""
"441","Kështjella dimërore","Agim Isaku","4","Dollapi 7",""
"442","Kronika për një vrasje","Agim Isaku","5","Dollapi 7",""
"443","I shtati","Agim Isaku","1","Dollapi 7",""
"444","Ndërtimi i qiejve","Vath Koreshi","2","Dollapi 7",""
"445","Rrezja e padukshme","Skënder Jasa","5","Dollapi 7",""
"446","Peisazhe njerëzore","Nazim Himet","3","Dollapi 7",""
"447","Poezi","Drago Siliqi","3","Dollapi 7",""
"448","Rruga për nesër","Haiku","1","Dollapi 7",""
"449","Statujat zenë vendet","Tasim Aliaj","1","Dollapi 7",""
"450","Yjet e vendlindjes","Abdylhazis Islami","1","Dollapi 7",""
"451","Dritaret e fjalës","Adem Istrefi","1","Dollapi 7",""
"452","Gurët","Agim Isaku","1","Dollapi 7",""
"453","Shoku","Nasho Jorgaqi","4","Dollapi 7",""
"454","Ngarkesa e largët","Alfred Ranini","5","Dollapi 7",""
"455","Drama","Fahri Balliu","20","Dollapi 7",""
"456","Vetëkryqëzimi","Leka Toto","3","Dollapi 7",""
"457","Di ta lexoj fytyrën","Liri Setillari","2","Dollapi 7",""
"458","Rrjedh një lumë","Bajazit Gohani","2","Dollapi 7",""
"459","Tri komedi","Spro Camora","5","Dollapi 7",""
"460","Drama","Rruzhdi","3","Dollapi 7",""
"461","Trimi vate Luli","Kolë Jakova","3","Dollapi 7",""
"462","Profil","Liri Setillari","3","Dollapi 7",""
"463","Toka jonë","Kolë Jakova","2","Dollapi 7",""
"464","Lumi i dashurisë","Thoma Stejo","8","Dollapi 7",""
"465","-","Llambro Ruçi","2","Dollapi 7",""
"466","Burimi","Venera Ujko","9","Dollapi 7",""
"467","Pres të jetoj","Eva Papamihali","2","Dollapi 7",""
"468","Hapmë derën zonja mëmë","Venera Ujko","14","Dollapi 7",""
"469","Mos hesht","Fatmir Terziu","22","Dollapi 7",""
"470","Epoka para gjyqit","Ekrem Kryeziu","5","Dollapi 7",""
"471","Luani I shtëpisë","Fadil Kraja","2","Dollapi 7",""
"472","Përjetime","Zydi Zotaj","3","Dollapi 7",""
"473","Autografe","Halit Shamata","3","Dollapi 7",""
"474","Fisheku në pajë","Fadil Kraja","2","Dollapi 7",""
"475","Mos më pyet ku kam qenë","Ilirian Zhupa","2","Dollapi 7",""
"476","Im bir dhe rrezja e diellit","Mira Zaimasi","4","Dollapi 7",""
"477","Pëllumbat e shkronjave","Naum Prifti","3","Dollapi 7",""
"478","Shoku Niqifar","Pwllumb Kulla","3","Dollapi 7",""
"479","Drama","Kolë Jakova","2","Dollapi 7",""
"480","Abeli","Ethem Haxhiademi","2","Dollapi 7",""
"481","Motër e dashur","Arsinoi Bino","3","Dollapi 7",""
"482","Vite pa thirrje","Agim Shehu","2","Dollapi 7",""
"483","Koha e komisarëve","Todi Thanasi","3","Dollapi 7",""
"484","Gjaku i Arbërit","Fadil Kraja","3","Dollapi 7",""
"485","Zemra nuk është këmishë","Teodor Keko","3","Dollapi 7",""
"486","Futa","Sabri Hamiti","3","Dollapi 7",""
"487","Koha e dritës","Sheri Mita","3","Dollapi 7",""
"488","Shtatë shaljanët","Ndrekw Luca","2","Dollapi 7",""
"489","Drama","Loni Papa","1","Dollapi 7",""
"490","Fabula","","1","Dollapi 7",""
"491","Me jetën  dashuruar","Lili Setillari","1","Dollapi 7",""
"492","Shoku Ndricim hapi kasafortën","Rozi Theohari","1","Dollapi 7",""
"493","Kështjella mbi basbanë","Januz Dini","1","Dollapi 7",""
"494","Dy të plakur unë dhe Mefistofeli","Bashkim Hoxha","1","Dollapi 7",""
"495","Mrika","Llazar Siliqi","1","Dollapi 7",""
"496","Vatra e huaj","Ndrekw Luca","1","Dollapi 7",""
"497","Në emër të lumturisë","Ismail Hoxha","1","Dollapi 7",""
"498","Drama","Fadil Kraja","1","Dollapi 7",""
"499","Përmbytja","Bardhok Sulejmani","1","Dollapi 7",""
"500","Komunisti","Bardhok Sulejmani","1","Dollapi 7",""
"501","Tek ky themel","Miliano Stefa","1","Dollapi 7",""
"502","Zambaku im","Gjokë Beci","1","Dollapi 7",""
"503","Nesër ju them gjysmën e mbetur","Artan Alimeta","1","Dollapi 7",""
"504","Fund shpirti","Qazim Shehu","1","Dollapi 7",""
"505","Elira","Jonuz Pini","1","Dollapi 7",""
"506","Rritja","Jonuz Drini","1","Dollapi 7",""
"507","Anëdet","Niko Kocalidha","1","Dollapi 7",""
"508","Mes njerëzve","Llambro Ruçi","1","Dollapi 7",""
"509","Pesë qortimet","Agim Shehu","1","Dollapi 7",""
"510","Shtëpia e lepujve","Zija Çeja","1","Dollapi 7",""
"511","Kujtesa e ajrit","Visar Zhiti","4","Dollapi 7",""
"512","A thua do vish duke qeshur","Preç Zogaj","3","Dollapi 7",""
"513","Rrugë për larg","Vath Koreshi","3","Dollapi 7",""
"514","Poezia shqipe","Lirim Deda","3","Dollapi 7",""
"515","Pranvera e pozicioneve","Kujtim Halili","2","Dollapi 7",""
"516","Jehona e kohës","Mark Krasniqi","1","Dollapi 7",""
"517","Përsëri në udhë","Koci Petriti","2","Dollapi 7",""
"518","Kur dola në jetë","Tasim T. Aliaj","1","Dollapi 7",""
"519","Poezia shqipe","Koci Petriti","5","Dollapi 7",""
"520","Drama e Sakes","Vath Koreshi","9","Dollapi 7",""
"521","Poezi","Rahman Dedaj","5","Dollapi 7",""
"522","Ditë njerëzore","Bardhyl Londo","3","Dollapi 7",""
"523","Tregime të zgjedhura","Vath Koreshi","2","Dollapi 7",""
"524","Mars","Vath Koreshi","1","Dollapi 7",""
"525","Nomeja e largët","Faik Ballanca","2","Dollapi 7",""
"526","Larg dhe afër","Nasho Jorgaqi","5","Dollapi 7",""
"527","Tregime të zgjedhura","Nasho Jorgaqi","6","Dollapi 7",""
"528","Dasmë e cuditshme","Sotir Andoni","8","Dollapi 7",""
"529","Te ky themel","Militano Stefa","4","Dollapi 7",""
"530","Përballë hekurave të kryqëzuar","Kolë Jakova","4","Dollapi 7",""
"531","Prag feste","Petraq Kita","4","Dollapi 7",""
"532","Gurët","Agim Isaku","2","Dollapi 7",""
"533","Mërgata e qyteteve 1","Nasho Jorgaqi","3","Dollapi 7",""
"534","Mërgata e qyteteve 2","Nasho Jorgaqi","1","Dollapi 7",""
"535","Lëshoma hisen e Diellit","Adem Istrefi","1","Dollapi 7",""
"536","Muza 2","Grup autorësh","1","Dollapi 7",""
"537","Gjergj Kastrioti","Mirosh Merkaj","1","Dollapi 7",""
"538","Kohë e krisur","Xhevahir Spahiu","1","Dollapi 7",""
"539","Heshtje s'ka","Xhevahir Spahiu","1","Dollapi 7",""
"540","Brigjeve të Erzenit","Skënder Josa","1","Dollapi 7",""
"541","Arkitektura e zemrës","Agim Shehu","10","Dollapi 7",""
"542","Libri i të mallkuarve","Jusuf Buxhovi","3","Dollapi 7",""
"543","Agime shqiptare","Xhevahir Spahiu","2","Dollapi 7",""
"546","Ne boten e arbereshes te italise","Eqrem Cabej","1","Dollapi nr.1",""
"547","Atdhetaret ne vendlindjen time","Kadri musai","1","Dollapi nr.1",""
"548","Kostaq Cipo","Robert Cipo","1","Dollapi nr.1","Monografi"
"549","Aqif Elbasani figure e ndritur e kombit shqiptar","Kadri Musai","1","Dollapi nr.1",""
"550","Bashkeluftetaret ne clirimin e atdheut"," Kadri Musai","1","Dollapi nr.1",""
"551","Permes stuhise armike","Kadri Musai","1","Dollapi nr.1",""
"552","Voskopoja","Stilian Adhami","1","Dollapi nr.1",""
"553","Fjalet","Sulejman Mato","1","Dollapi nr.1","Poezi"
"554","Evolucioni I elektrikes","Hasan Mucoste","1","Dollapi nr.1",""
"555","Gege e Toske","A.Petrela","1","Dollapi nr.1",""
"556","Folklor Shqiptar","Sonila Shabani","1","Dollapi nr.1",""
"557","Vargu im zemra ime","Vasil Koci","5","Dollapi nr.1",""
"558","Neper llogaret avullore","Llazar cuci","1","Dollapi nr.1",""
"559","Në korie mes lisash","Ferhat cakaj","4","Dollapi nr.1","Vellime me tregime"
"560","Ndodhite e cuditshme te mirosh guximtarit","sokol Jakova","2","Dollapi nr.1",""
"561","Poezi te zgjedhura","Asdreni","3","Dollapi nr.1","Poezi"
"562","Pazar I Mbare","Dionis Bubani","3","Dollapi nr.1",""
"563","Prova Gjaku","Hysni Daja","2","Dollapi nr.1",""
"564","Poezi","Shefqet Peci","1","Dollapi nr.1","Poezi"
"565","Ditar Partizani","Gaqo Kollumbi","1","Dollapi nr.1","Ditar"
"566"," Ndjenje qe rriti brezar","Toni Shtjefeni","3","Dollapi nr.1",""
"567","Jete me brenga","Thoma Kocovi","1","Dollapi nr.1",""
"568","Tekste Gjuhe Shqipe","Aeka Sunday","3","Dollapi nr.1","Tekste"
"569","Fishta Koha Njeriu Vepra","Inoic Zampuh","1","Dollapi nr.1",""
"570","Permes Stuhis armike","Kadri Musai","1","Dollapi nr.1",""
"571","Potrete Mesatarish Deshmore","Musa Kraja","1","Dollapi nr.1",""
"572","Politika dhe Demokracia","Knol-Mellbve- Traov","1","Dollapi nr.1",""
"573","A restory of the modern world","Richard Putun","11","Dollapi nr.1",""
"574","Understanding","John Seely","19","Dollapi nr.1",""
"575","Difescope 2","Susan Cata","31","Dollapi nr.1",""
"576","The modern world","Deter mary","16","Dollapi nr.1",""
"577","A sense of style","Bill duscas","22","Dollapi nr.1",""
"578","Udhetime neper Ballkon"," Franz Nopcsa","10","Dollapi nr.1",""
"579","Mbi vepren poetike te Mjedes","Marka Cunakuqi","3","Dollapi nr.1",""
"580","Migjeni","Aurush Idrizi","2","Dollapi nr.1",""
"581"," Tradita dhe probleme te letersise ne Shqiperi per femije","Bedri Dedja","4","Dollapi nr.1",""
"582","Poezia e De Rades","Klara Kodra","4","Dollapi nr.1","Poezi"
"583","Fjale per poezin","Fatos Arapi","1","Dollapi nr.1","Poezi"
"584","Re ate et Nouvelles","Zya clla","2","Dollapi nr.1",""
"585","Anton haropi","Aurel Planomi","1","Dollapi nr.1",""
"586","Celesa per te hapur thesarin","Ndricim Kulla","9","Dollapi nr.1",""
"587","Mendimtar te kinemas kombetare","Zyoi Xholi"," 1","Dollapi nr.1",""
"588","studime per letersine realiste","Nexhup Cuma","1","Dollapi nr.1",""
"589","Faik konica","Sabri Haimi","1","Dollapi nr.1",""
"590","Estetika dhe letersia","Cr.v. Plehomov","6","Dollapi nr.1",""
"591","Jap Kastrari","Jeronim de Rada","1","Dollapi nr.1",""
"592","None yeda","Pinush Idrizi","2","Dollapi nr.1",""
"593","Fishta","Injoc Zamputi","4","Dollapi nr.1",""
"594","Emocione","Uvil Zajmi","2","Dollapi nr.1",""
"595","Rrefime","Shen Agustini","6","Dollapi nr.1","Rrefim"
"596","Argumentuesi","Arsindh kocla","10","Dollapi nr.1",""
"597","Dufterut Ballkanik","Jociob schurma","5","Dollapi nr.1",""
"598","Lidhja shqiptare e myslimanit","xoxi","2","Dollapi nr.1",""
"599","Shqoqeria Perball Konferncave 1910","Turkan Risine Permeti","5","Dollapi nr.1",""
"600","Trgime dhe keng popu  llore","----","2","Dollapi nr.1","Tregime dh kenge"
"601","Masakra ne cameri","Kastriot  Dervishi","8","Dollapi nr.1","Permbledhje Dokumentash"
"602","Zhvillimi I revolucionit kulturor ne shqiperi","Enrikta Kambo","1","Dollapi nr.1","Histori"
"603","Studime historike 4 (1972)","Studime Historike","1","Dollapi nr.1","Studime autentike shkencore"
"604","Studime historike 4 (1974)","Studime Historike","1","Dollapi nr.1","Studime autentike shkencore"
"605","Studime Historike 4 (1980)","Studime Historike","1","Dollapi nr.1","Studime autentike shkencore"
"606","Studime Historike 4 (1984)","Studime Historike","1","Dollapi nr.1","Studime autentike shkencore"
"607","Historia e ballkanit","Th.Murzaku A.Mullai","4","Dollapi nr.1","Histori"
"608","Problemet Shqiptare","Mehdi Frasheri","5","Dollapi nr.1",""
"609","Studime per epoken e Skenderbeut","Studime","2","Dollapi nr.1",""
"610","Oriental apo Oksidental","Krist Maloku","9","Dollapi nr.1",""
"611","Elita Shqiptare","Mithat Frasheri","8","Dollapi nr.1",""
"612","Vepra","Branko Merxhani","8","Dollapi nr.1","Veper"
"613","Historia Boterore dhe qyteterimi 1","Karl Grimberg","2","Dollapi nr.1","Histori"
"614","Kanuni I Leke Dukagjinit","At Sgtjefen Gjecovi","1","Dollapi nr.1",""
"615","Historia e Kohes ae Re (2)","Romeo Gurakuqi","4","Dollapi nr.1","Histori"
"616","Historia e kohes se Re (3)","Mendun Dergoti Romeo Gurakuqi","6","Dollapi nr.1","Histori"
"617","Don Kishoti I Mances","Servantes","1","Dollapi nr.1","Roman"
"618","Historia e Skenderbeut","Marlin Barleti","2","Dollapi nr.1","Histori"
"619","Out Line as its story","------","1","Dollapi nr.1",""
"620","Ca pikoi shiu rane mbi qelq","Ismail Kadare","1","Dollapi nr.1","Poezi te zgjedhura"
"621","American Perspective","Cared Boadi","1","Dollapi nr.1",""
"622","Brenga e Ballkanit dhe vepra te tjera per Shqiperine e Shqipetareve","Edit Durham","2","Dollapi nr.1","Histori"
"623","Gjysme hera dhe shiponja","George Gawrych","4","Dollapi nr.1",""
"624","Sarkozi pranvera e frances","Catherine Nay","9","Dollapi nr.1","Biografi"
"625","Child trafficking in Albania","Revista","1","Dollapi nr.1","revist"
"626","Estetika e fjales Shqipe","Nasho Jorgaqi","12","Dollapi nr.1","Studim artikuj ese"
"627","Kerkime","Ali Aliu","8","Dollapi nr.1",""
"628","Kosova nje histori e shkurter","Noel  Malcolm","1","Dollapi nr.1","Histori e shkurter"
"629","Naim","-------","5","Dollapi nr.1",""
"630","Revolucioni I Demokrates borgjez I qershorit  1924","Selim Shpura","2","Dollapi nr.1",""
"631","Revolucioni Francez dhe mendimtarer shqiptar","Akademia e shkencave","3","Dollapi nr.1",""
"632","Revolucioni I qeshorit","Fan Noli","2","Dollapi nr.1",""
"633","Histora e luftes antifashiste nacionaliste (1939-1944)","Akademia e Skencave","2","Dollapi nr.1","Histori"
"634","Historia e Shqiperis","Akademia e Shkencave","1","Dollapi nr.1","Histori"
"635","Princi","Niccolo Machiavelli","4","Dollapi nr.1","Tregim"
"636","Franc Babinger","Mehmeti Pushtuesi","16","Dollapi nr.1",""
"637","Tangerlleqet madheshtore","Astrit aradaku","","Dollapi nr.1",""
"638","Rabana e vetmis","Mimoza Alla","9","Dollapi nr.1",""
"639","Me vjen per jagan","Selim Shpuza","17","Dollapi nr.1",""
"640","Rexits et vovellus","Zylo Ceka","1","Dollapi nr.1",""
"641","Komente te zgjedhura","Nexhat Haku","1","Dollapi nr.1","Koment"
"642","Bimet zbukuruese te fushesh","Deri Dimga","1","Dollapi nr.1",""
"643","A njera dhe shtat pullturat","Neriman Kamberi","2","Dollapi nr.1",""
"644","Mjelma e liqenit","Mirela Bregu","4","Dollapi nr.1",""
"645","Pergjigje te letra","Tregime","1","Dollapi nr.1","Tregime"
"646","Mali","Gazment Kongoli","1","Dollapi nr.1","novele"
"647","Jam elektricist","Llambro Ruci","1","Dollapi Nr.1",""
"648","Mezat  kalter","Shpend Soallaku","1","Dollapi Nr.1","Poezi"
"649","Njeriu qe keshillohet me karrigen","Gazment Kongoli","1","Dollapi nr.1",""
"650","Mos kujtoni se jam nje vizitor I vone","Agim Isaku","1","Dollapi nr.1","Poezi"
"651","Burimet","Nexhet Deveja","1","Dollapi nr.1",""
"652","Revista Pedagogjike","----","3","Dollapi nr.1","Revist"
"653","Tregime humoristike","Jonuz Dini","2","Dollapi  nr.1","Tregim"
"654","Rreze drite mbi shkelzen","Sokol Arafi","1","Dollapi nr.1",""
"655","Kenge per mikun e pyllit","Vasil Koci","1","Dollapi nr.1","Kenge"
"656","Anedet vejrsha e poema","Niko Kacalidha","1","Dollapi nr.1","Vjersha"
"657","Biri I ambasadorit","Vangjush Saro","1","Dollapi nr.1","Tregime"
"658","E qanur","Vojsava Nelo","1","Dollapi nr.1","Poezi"
"659","Ballada e yjeve te ndezur","Perikli Jorgoni","1","Dollapi nr.1","Poezi"
"660","Miell Ii","Dionis Bubani","1","Dollapi nr.1",""
"661","Mengjes Sirenash","Xhevahir Spahiu","1","Dollapi nr.1","Vjersha"
"662","Dita e veres","","4","Dollapi nr.1",""
"663","Zhyl verni ne katror","Niko Nikolla","4","Dollapi nr.1",""
"1022","Novela","Proper Merlin","22","Dollapi 6","Novel"
"1023","I huaj","Alber Kamy","2","Dollapi 6","Roman"
"1024","Murtaja","Alber Kamy","21","Dollapi 6","Roman"
"1025","Fshataret","Honore de Balzak","2","Dollapi 6",""
"1026","Iluzionet e humbura","Honore de Balzak","2","Dollapi 6","Roman"
"1027","Nene Shqiperi","Dritero Agolli","14","Dollapi 6","Poeme"
"1028","Vepra letrare","Dritero Agolli","6","Dollapi 6",""
"1029","Vepra letrare","Mitrush Kuteli","5","Dollapi 6",""
"1030","Tre mjeshteri","Stefan Cvajg","5","Dollapi 6",""
"1031","Safo","Alfons Dode","4","Dollapi 6",""
"1032","Gjëri i vogël","Alfons Dode","3","Dollapi 6","Roman"
"1033","Yambaku i detit","Andre Piere de Mondagenes","4","Dollapi 6","Roman"
"1034","Pellgu i Djallit","Zhorzh Sand","8","Dollapi 6",""
"1035","Dashuri fatale
Dashuri fatale","Alfred dë Myse","4","Dollapi 6",""
"1036","Te ftuarit","Claude Simon","7","Dollapi 6",""
"1037","Getsbi i Madh","Frensis Skot Ficxherald","4","Dollapi 6","Roman"
"1038","Lufta për zjarrin","Roni","3","Dollapi 6",""
"1039","Krimi i Silvestër Bonarit","  Anatol Frans","4","Dollapi 6","Roman"
"1040","Tereze Deskeru","Frankus Morak","3","Dollapi 6",""
"1041","Njeriu me te zeza","Patrik Kesel","3","Dollapi 6","Roman"
"1042","Pasrsejasit","Feliks Gra","3","Dollapi 6",""
"1043","Kronika e kases se Karlit IX","Prosper Merimee","4","Dollapi 6",""
"1044","Tereza Raken","Emil Zola","9","Dollapi 6",""
"1045","Në fillim gri, pastaj e bardhë, pastaj blu","M de Moor","2","Dollapi 6",""
"1046","Burgu","Zhorzh Simeon","12","Dollapi 6",""
"1047","Kenge revolucionare","Euzhan Palje","5","Dollapi 6",""
"1048","Maria Stjuart","Stefan Cvajg","5","Dollapi 6",""
"1049","Dashnori","Marguerite Duras","4","Dollapi 6","Roman"
"1050","Dhjetë e gjysmë e mbrëmjes në verë","Marguerite Duras","2","Dollapi 6",""
"1051","Ç'është letersia?","Zhan Pol Sartri","13","Dollapi 6",""
"1052","Franz List","Zhelt Marshanji","3","Dollapi 6",""
"1053","Vellezerit Riko","Zhorzh Simeon","1","Dollapi 6",""
"1054","Vjersha","Zef Serembe","1","Dollapi 6",""
"1055","Aleksander Fleming","A. Morua","1","Dollapi 6",""
"1056","Antoinette","Romain Rolland
Romain Rolland 
Romain Rolland
Romain Rolland
Romain Rolland
Romain Rolland","1","Dollapi 6",""
"1057","Qeni verdhe","Zhorzh Simeon","1","Dollapi 6",""
"1058","Te mjeret","Viktor Hygo","2","Dollapi 6",""
"1059","Tre musketjeret","Aleksander Dyma","20","Dollapi 6",""
"1060","Padurimi i zemrës","Stefan Cvajg","2","Dollapi 6","Roman"
"1061","Pershtjellim ndjenjash
Pershtjellim ndjenjash","Stefan Cvajg","2","Dollapi 6",""
"1062","I mbyllur nga te kater anet","","1","Dollapi 6",""
"1063","Tartarini i Taraskonit","Alfons Dode","3","Dollapi 6",""
"1064","20000 lega nën det","Zhyl Vern","1","Dollapi 6",""
"1065","Fabula","La Fonten","1","Dollapi 6",""
"1066","Tri rrëfenja","Gustav Flober","2","Dollapi 6",""
"1067","Komedia njerezore","William Seroian","2","Dollapi 6",""
"1068","Lumturia e damave","Emil Zola","8","Dollapi 6",""
"1069","A ju pelqen Bramsi?","Fransuaze Segen","5","Dollapi 6",""
"1070","Konti i Montekristos","Aleksander Dyma","1","Dollapi 6",""
"1071","Qielli s ka preferenca","Erih Maria Remark","2","Dollapi 6",""
"1072","Lulet e se keqes","Sharl Bodler","3","Dollapi 6",""
"1073","Asgje e re nga fronti i perendimit","Erih Maria Remark","3","Dollapi 6",""
"1074","Antelegjia politike","Viktor Hygo","1","Dollapi 6",""
"1075","Lavrashi","Viktor Hygo","1","Dollapi 6",""
"1076","Poezi te zgjedhura","Shandor Petefi","2","Dollapi 6",""
"1077","","Ge de Mapasan","1","Dollapi 6",""
"1078","Shpirtciltri","Volter","3","Dollapi 6",""
"1079","Tregime dhe novela","Ge de Mapasan","3","Dollapi 6",""
"1080","Stendal","Leveni","1","Dollapi 6",""
"1081","Shpartallimi","Emil Zola","5","Dollapi 6",""
"1082","Ne shtepine e huaj","Berndar Klevel","3","Dollapi 6",""
"1083","Kyci i botes","Mishel Grimo","4","Dollapi 6",""
"1084","Poezi","Louis Aragen","2","Dollapi 6",""
"1085","Literatroni","Robert Eskarpit","2","Dollapi 6",""
"1086","Zjarri","Anri Barbys","1","Dollapi 6",""
"1087","Qartesi","Anri Barbys","2","Dollapi 6",""
"1088","Zhak Ventrasi","Zhyl Vales","3","Dollapi 6",""
"1089","Poezi","Alen Baske","4","Dollapi 6",""
"1090","Princi i Vogel","Antonie de Saint Ekzyperi","5","Dollapi 6",""
"1091","Kozeta","Viktor Hygo","1","Dollapi 6",""
"1092","Kandili","Volter","1","Dollapi 6",""
"1094","Informatika","Arion Hyserbegas","1","Dollapi 8",""
"1095","Energjia Atomike","Qevqep Kombo","1","Dollapi 8",""
"1096","Fantazma e berthames","","1","Dollapi 8",""
"1097","Dua te di gjithcka","	Enciklopedia e rinise","1","Dollapi 8",""
"1098","Pushka Top Bajram Curri","Sulejman Krasniqi","1","Dollapi 8","Roman"
"1099","Pse zhvillohen reaksionet kimike?","Veldet Kodra","1","Dollapi 8",""
"1100","Problemet e biollogjise ne driten e dialektikes materialiste","Alkeo xoxe","1","Dollapi 8",""
"1101","Artet dhe Zhvillimi i tyre","Razi Brahimi","1","Dollapi 8",""
"1102","Matematika dhe fizika ne shkolle","","1","Dollapi 8",""
"1103","Bulwtini Bibliografik","","1","Dollapi 8",""
"1104","Nga historia e fizikes se berthames se atomit","Fejzi Perdja","1","Dollapi 8",""
"1105","Qyteti ne Stepe","	A.S Serafimovic","1","Dollapi 8",""
"1106",""," A.S Pushkin","1","Dollapi 8",""
"1107","Eter dhe Binj","Turgenjev","1","Dollapi 8","Roman"
"1108","Riparimi i makinave Metalprerese","","1","Dollapi 8",""
"1109","Sa e vjeter eshte Toka?","Patrik M.Herbej","1","Dollapi 8",""
"1110","Nje histori e merzitsheme","Cekev","1","Dollapi 8",""
"1111","Matjet ne Matematike","","1","Dollapi 8",""
"1112","Toksikologjia","Gojard Cerga","1","Dollapi 8",""
"1113","Telefoni dicka e thjeshte","Zeme Celaj","1","Dollapi 8",""
"1114","Teknika dhe kimia ne pikture","Ramedon Karaxha","1","Dollapi 8",""
"1115","Taras Bulla Nikollaj","V.Gogot","1","Dollapi 8",""
"1116","Lirika","M.Lermanlov","1","Dollapi 8",""
"1117","Pogramet per shkollat e mesme","","1","Dollapi 8",""
"1118","Poema 2","Mihail Lermontov","1","Dollapi 8",""
"1119","Prgramet e historis","","1","Dollapi 8",""
"1120","Buletini Bibliografik","","1","Dollapi 8",""
"1121","Ata qe nuk u nenshtruan","Boris Gorbantnov","1","Dollapi 8",""
"1122","Brezi im","Boris Gorbatnov","1","Dollapi 8",""
"1123","Shkencat e Natyres dhe Teknike","","4","Dollapi 8",""
"1124","Matematika 1","","2","Dollapi 8",""
"1125","Inventions and biscoveries","Biblioteka e nxenesit","2","Dollapi 8",""
"1126","Mrekullite e Drites dhe Tingullit","Mina Biponi","2","Dollapi 8",""
"1127","Logjika e Konstrksioneve","Bushati/Marko/Bregasi","2","Dollapi 8",""
"1128","Anna Ahmatova","Aurel Plasari","10","Dollapi 8",""
"1129","Ura e psheretimave","Mishel Xexoko","20","Dollapi 8",""
"1130","Drama","Maksim Garki","5","Dollapi 8",""
"1131","Teras Bulba","Nikolaj V.Gogal","10","Dollapi 8",""
"1132","Vepra te zgjedhura 6","Makim gorki","2","Dollapi 8",""
"1133","Vepra te zgjedhura 1","Makim Gorki","2","Dollapi 8",""
"1134","Vepra te zgjedhura 2","Makim Gorki","2","Dollapi 8",""
"1135","Vepra te zgjedhura 3","Makim Gorki","3","Dollapi 8",""
"1136","Vepra te zgjedhura 4","Makim Gorki","5","Dollapi 8",""
"1137","Vepra te zgjedhura 5","Makim Gorki","3","Dollapi 8",""
"1138","Vepra te zgjedhura 7","Makim Gorki","3","Dollapi 8",""
"1139","Dy kapitenet 2","V.Koverin","1","Dollapi 8","Roman"
"1140","14 novela","Anton Ceku","15","Dollapi 8",""
"1141","Haxhi Murat","Lev Folstoj","5","Dollapi 8",""
"1142","Vjersha dhe poema","Lergej","19","Dollapi 8",""
"1143","Njeqind dirika","Lergej Esenin","6","Dollapi 8",""
"1144","Doktor Zhivago","Boris Pasternak","1","Dollapi 8","Roman"
"1145","Zoti Prakaricin","F.N Dostojevski","19","Dollapi 8",""
"1146","Nje zemer e dobet","F.M Dostojevski","19","Dollapi 8",""
"1147","Pallzunkovi","F.M Dostojevski","19","Dollapi 8",""
"1148","Cerresire ne mesnate","Artun Kestler","2","Dollapi 8","Roman"
"1149","Lufta dhe paqja 2","L.N Tolstoi","4","Dollapi 8",""
"1150","Lufta dhe paqja 4","L.N Tolstoi","1","Dollapi 8",""
"1151","Kujtimet e nje gjahtari","I.S Turganiev","1","Dollapi 8",""
"1152","Histori dashurie","Cingie Ajtmatov","3","Dollapi 8",""
"1153","Rasputin","Th Baumgorthem","5","Dollapi 8",""
"1154","Anija e Bardhe","Gingiz Ajtmatov","22","Dollapi 8",""
"1155","Nje dite e Ivan Denisovicit","Aleksander Sallzhenian","19","Dollapi 8",""
"1156","Rruga e mundimeve 1","Aleksejr Tolstoj","4","Dollapi 8",""
"1157","Rruga e mundimeve 2","Aleksejr Tolstoj","3","Dollapi 8",""
"1158","Buka","A.N Tolstoj","4","Dollapi 8",""
"1159","Feminia e Nikites","A.Tolstoj","2","Dollapi 8","Autobiografi"
"1160","Novela","L.N Tolstoj","6","Dollapi 8",""
"1161","Nena","Maksim Gorki","1","Roman",""
"1162","Zoterinjte Gdbovliove"," Shecedrin","1","Dollapi 8",""
"1163","Skenderbeu","G.Perhicev","5","Dollapi 8",""
"1164","Poezi","Majakovski","3","Dollapi 8",""
"1165","Shtrengata","Aleksander  N.Ost Ravski","1","Dollapi 8",""
"1166","Kenge per njeriun","N.J Vapeanov","1","Dollapi 8",""
"1167","Vjersha e qoeuia","A.S Pushkin","9","Dollapi 8",""
"1168","Shpertallimi","A.Fadejev","3","Dollapi 8",""
"1169","Senilia","Turgenjev","18","Dollapi 8",""
"1170","Garda e Re","A.Fajdev","3","Dollapi 8",""
"1171","Fajtori pa faj","Aleksander Ostrovski","1","Dollapi 8","Roman"
"1172","Capajev","D. Furmanov","2","Dollapi 8",""
"1173","Jeta dhe veprimtaria","Poullove","1","Dollapi 8",""
"1174","Vepra e Arta Monavesi","M.Garki","2","Dollapi 8",""
"1175","Gjurma e qete","Kotenko","1","Dollapi 8",""
"1176","Fama Gardejevi","Makjim Garki","2","Dollapi 8",""
"1177","Lufta dhe paqja1","L.N Folstoi","1","Dollapi 8",""
"1178","Funderrimat","Maksim Garki","3","Dollapi 8",""
"1179","Fama Gardejevi","Maksim Garki","4","Dollapi 8",""
"1180","Esenin: nje jete","Gardan Mevay","10","Dollapi 8",""
"1183","Tartufi","Molieri","13","Dollapi 12","Komedi"
"1184","Andromaka","J.Rasin","1","Dollapi 12","Tragjedi"
"1185","Antigona","Sofokliu","4","Dollapi 12","tregjedi"
"1186","Bretkosa","Aristofani","4","Dollapi 12","Komedi"
"1187","Perset","Eskili","1","Dollapi 12","Tragjedi"
"1188","Medea","Euripidi","1","Dollapi 12","Tragjedi"
"1189","Ifiqinia ne Aulide","Euripidi","1","Dollapi 12","Tragjedi"
"1190","Poezi te zgjedhura per femije","Drago Siliqi","1"," Dollapi 12",""
"1191","Unaza te hekurta","Ferhat Motoliti","1","Dollapi 12",""
"1192","Ujrat e verdha","                  -","1","Dollapi 12",""
"1193","Nga parti i ri deri ku vlon malsia","Llazar Siliqi","2","Dollapi 12",""
"1194","Elektra","Sofokliu","1","Dollapi 12","Drame"
"1195","Lirika antike greke","                  -","3","Dollapi 12","Tragjedi"
"1196","Berberi i Seviljes dhe martesa e Figarose","Bomarshe","1","Dollapi 12","Drame"
"1197","Pranvera e madhe","Llazar Siliqi","5","Dollapi 12","Roman"
"1198","Poema e drites","Llazar Siliqi","7"," Dollapi 12",""
"1199","Sporti dhe dopingu","Lluka P.Peqini","2","Dollapi 12","Reviste"
"1200","Si behet njeriu ai qe eshte","Friedrich Nietzsche","5","Dollapi 12",""
"1201","Per Gynt Hijet","Henrik Ibsen","3","Dollapi 12","Tragjedi"
"1202","Rubrikat e te famshmit Omar Khajam","Perkthyer nga Fan S.Noli","9","Dollapi 12","Rubik"
"1203","Vrasjet e Shekullit","Kurk Wilson","9","Dollapi 12","Tragjedi"
"1204","Dhjete dite qe tronditen boten","Xhon Rid","2","Dollapi 12","Roman"
"1205","Saga e Forsajteve","Xhon Gollsuarth","3","Dollapi 12","Drame"
"1206","Saga e Forsajteve v.2","Xhon Gollsuarth","2","Dollapi 12","Drame"
"1207","Saga e Forsajteve v.3","Xhon Gollsuarth","3","Dollapi 12","Drame"
"1208","Panairi i kotesive v.1","William Thecker","6","Dollapi 12","Tragjedi"
"1209","Panairi i kotesive v.2","William Thecker","3","Dollapi 12","Tragjedi"
"1210","David Kaperfildi v.1","Çarls Dikens","3","Dollapi 12",""
"1211","David Kaperfildi v.2","Çarls Dikens","4","Dollapi 12",""
"1212","Femija e Pomanes","Alfred Kopard","7","Dollapi 12","Tragjedi"
"1213","Oliver Tuishi","Çarls Dikens","3","Dollapi 12","Drame"
"1214","Qivaret e bera me dore","Truman Kapot","1","  Dollapi 12",""
"1215","Te padukshmit","Vivien Ogilvi","1","Dollapi 12","Roman"
"1216","Katrina","Sali Salminen","2","Dollapi 12","Roman"
"1217","Lartesia e fundit","Huu Mai","3","Dollapi 12",""
"1218","Eshte gjalle apo ka vdekur","Mark Twain","2","Dollapi 12","Tragjedi"
"1219","Gjeniu","Teodor Brayer","7","Dollapi 12","rrefim"
"1220","Kenga e dashurise se pare","Jeck London","4","Dollapi 12","Rrefim"
"1221","Yangblladet","Xhon O'Kilers","2","Dollapi 12",""
"1222","Sako dhe Varcetti","Xhon Tos Pasos","4","Dollapi 12","Drame"
"1223","Vitet e iluzioneve","A.Xh.Kronim","3","Dollapi 12","Rrefim"
"1224","Nje tragjedi amerikane","Teodor Brayzer","1","Dollapi 12","Rrefim"
"1225","Beteja vazhdon","Stiv Nelson","1","Dollapi 12","Tragjedi"
"1226","Deborat e Kilimanxharos","Ernest Heminguej","1","Dollapi 12","Drame"
"1227","Perralla e fuqise dhe sotira e tyre","Xhordan Suift","1","Dollapi 12",""
"1228","Muret u shemben","Ditc Diamond","1","Dollapi 12",""
"1229","Proze skandinave","                      -","1","Dollapi 12",""
"1230","Tregime vietnameze","Pylli Sanu","1","Dollapi 12","Tregime"
"1231","Kryengritja e te varurve","B.Traver","2","Dollapi 12","Tragjedi"
"1232","Zoter te vetes","Zhak Rumer","2","Dollapi 12",""
"1233","Doeri","Breht","5"," Dollapi 12",""
"1234","Frika e madhe dhe mjerimi ne rajkun e trete","B.Breht","2","Dollapi 12","Drame historike"
"1235","Poema","H.Hajne","1","Dollapi 12",""
"1236","Beci iberlingerit","I.V.Gete","2","Dollapi 12","Tragjedi"
"1237","Ballade","Gete","3","Dollapi 12","Balade"
"1238","Nje perralle dimri","Hajnrilh Hajne","3","Dollapi 12",""
"1239","Oskeola","Majn Rid","1","Dollapi 12","Drame"
"1240","Po tani o i Shkute","Hans Folado","1","Dollapi 12",""
"1241","Parfumi","Patrick Zyskind","1","Dollapi 12","Rrefim"
"1242","Mikelanxhelo","Herman Grim","1","Dollapi 12","Drame"
"1243","Ora e germanishtes","Zigfrid Leng","1","Dollapi 12",""
"1244","Stuhia e Shkretetires","M.G.Norris","1","Dollapi 12","Drame"
"1245","Etja pa jete","Irving Stoun","1","Dollapi 12","Rrefim"
"1246","Ne keshtjelle","Mariane Gruper","10","Dollapi 12","Tragjedi"
"1247","Fije bari","Uollt Vitman","11","Dollapi 12","Drame"
"1248","Albumi","Fan Noli","10","  Dollapi 12",""
"1249","Nje dore oriz","Komodo Markondoja","5","Dollapi 12",""
"1250","Uashington D.K","Gor Vidal","3","Dollapi 12","Rrefim"
"1251","Krilla njemije kraheshe","Jobunari Kavabola","4","Dollapi 12",""
"1252","Pushtet no lavdi","Frenk Hardi","1","Dollapi 12",""
"1253","Djaloshi nevrik","Ricard Rajt","1","Dollapi 12","Roman"
"1254","Lamtumire arne","Ernest Heminguej","1","Dollapi 12","Rrefim"
"1255","Bari, biri i Kazanit","Xhejms Oliverkerdo","1","Dollapi 12","Tragjedi"
"1256","Pasterti dhe vepra e tij","H.Hajdari/S.Cilko","1","  Dollapi 12",""
"1257","Ortaku","Henoro Prieto","1","Dollapi 12","Tragjedi"
"1258","Tregime te shek.20","              -","1","Dollapi 12","rrefim"
"1259","Nje ngjarje ne korrik","Erskin Kollbuell","2","Dollapi 12","Rrefim"
"1260","","E. Heminguej","5","Dollapi 12","Drame"
"1261","Valet e zemerimit","Xhon Stajnbek","4","Dollapi 12",""
"1262","Shqiptari dinak","Jon Halliday","3"," Dollapi 12",""
"1263","Parajsa e sheqerit","Xhin Beveni","7","Dollapi 12",""
"1264","Tonio Kreger","Tomas Man","3","Dollapi 12","Tragjedi"
"1265","Njeriu i padukshem","Herbert Xhorxh Vells","3","Dollapi 12","Roman"
"1266","Parajsa e humbur","Xhom Milton","4","Dollapi 12","Drame"
"1267","Rruga e mundimshme drejt njohjes","Lion Fajituonger","1","Dollapi 12","Drame"
"1268","Rrefimi i Helenes","Detuiq Schonfelder","5","Dollapi 12","Tragjedi"
"1269","Kthimi ne shtepi","Hajnrih Ber","2","Dollapi 12","Rrefim"
"1270","Hya e Klaubitras","M.Burman","4"," Dollapi 12",""
"1271","Pertej kufirit te padukshem","Franz Brauman","2","Dollapi 12",""
"1272","Na ishte nje here v.3","Vellezerit Brim","4","Dollapi 12",""
"1274","Arkitekti","Fahri Balliu","8","Dollapi 7",""
"1275","Ferrparajsa","Xhevahir Spahiu","3","Dollapi 7",""
"1276","Vdekja lexon gazetën","Rudolf Marku","4","Dollapi 7",""
"1277","E pabesa","Vera Kreka","1","Dollapi 7",""
"1278","Vepra detare 1","Martin Camaj","1","Dollapi 7",""
"1279","Vepra detare 2","Martin Camaj","1","Dollapi 7",""
"1280","Vepra detare 4","Martin Camaj","2","Dollapi 7",""
"1281","Vepra detare 5","Martin Camaj","2","Dollapi 7",""
"1282","Poezia shqiptare","Xhevahir Spahiu","5","Dollapi 7",""
"1283","Zonja e Zezë Nexhmie Hoxha","Fahri Balliu","8","Dollapi 7",""
"1284","Patroni i zi","Fahri Balliu","8","Dollapi 7",""
"1285","Djaj të humbur","Bahri Myftari","1","Dollapi 7",""
"1286","Zemra ime është mal","Fahri Balliu","1","Dollapi 7",""
"1287","Dita e nesërme","Fahri Balliu","2","Dollapi 7",""
"1288","Dashuri e huaj","Elvira Danes","7","Dollapi 7",""
"1289","Kardigan","Elvira Danes","2","Dollapi 7",""
"1290","Dasmë në fund të Shkurtit","Agim Asaku","4","Dollapi 7",""
"1291","Deti në mes","Fatos Arapi","6","Dollapi 7",""
"1292","Dhjetori i shqetësuar","Fatos Arapi","4","Dollapi 7",""
"1293","Shënime të shkruara","Sotir Andoni","2","Dollapi 7",""
"1294","Mërgata e qyqeve","Nasho Jorgaqi","2","Dollapi 7",""
"1295","Tokë e papushtueshme","Skënder Jasa","3","Dollapi 7",""
"1296","Feniks","Shefki Karsdaka","10","Dollapi 7",""
"1297","I vetem në jetë","Muhamet Alija","7","Dollapi 7",""
"1298","Maleve në Shënendre","Sotir Andoni","2","Dollapi 7",""
"1299","I dërguar nga klasa","Sotir Andoni","2","Dollapi 7",""
"1300","Tri novela","Sotir Andoni","2","Dollapi 7",""
"1301","Tregime nga Morava","Sotir Andoni","1","Dollapi 7",""
"1302","Tregime nga Voskopoja","Sotir Andoni","1","Dollapi 7",""
"1303","Trokthet e kuajve nëpër male.","Sotir Andoni","1","Dollapi 7",""
"1304","Zbulimi","Anastas Kondo","1","Dollapi 7",""
"1305","Dikush më buzëqeshte","Fatos Arapi","1","Dollapi 7",""
"1306","Poema me vjersha","Fatos Arapi","1","Dollapi 7",""
"1307","Tregime të zgjedhura","Anastas Kondo","3","Dollapi 7",""
"1308","Tregime të zgjedhura","Sotir Andoni","4","Dollapi 7",""
"1309","Shokët","Anastas Dushku","2","Dollapi 7",""
"1310","Skena dhe prapaskena","Dionis Dubani","2","Dollapi 7",""
"1311","Poezia shqipe","Dionis Dubani","1","Dollapi 7",""
"1312","Duke dalë prej ëndrës","Fatos Arapi","6","Dollapi 7",""
"1313","Poezia shqipe","Fatos Arapi","4","Dollapi 7",""
"1314","Drama","Dionis Dubani","1","Dollapi 7",""
"1315","Kështjella dimërore","Agim Isaku","4","Dollapi 7",""
"1316","Kronika për një vrasje","Agim Isaku","5","Dollapi 7",""
"1317","I shtati","Agim Isaku","1","Dollapi 7",""
"1318","Ndërtimi i qiejve","Vath Koreshi","2","Dollapi 7",""
"1319","Rrezja e padukshme","Skënder Jasa","5","Dollapi 7",""
"1320","Peisazhe njerëzore","Nazim Himet","3","Dollapi 7",""
"1321","Poezi","Drago Siliqi","3","Dollapi 7",""
"1322","Rruga për nesër","Haiku","1","Dollapi 7",""
"1323","Statujat zenë vendet","Tasim Aliaj","1","Dollapi 7",""
"1324","Yjet e vendlindjes","Abdylhazis Islami","1","Dollapi 7",""
"1325","Dritaret e fjalës","Adem Istrefi","1","Dollapi 7",""
"1326","Gurët","Agim Isaku","1","Dollapi 7",""
"1327","Shoku","Nasho Jorgaqi","4","Dollapi 7",""
"1328","Ngarkesa e largët","Alfred Ranini","5","Dollapi 7",""
"1329","Drama","Fahri Balliu","20","Dollapi 7",""
"1330","Vetëkryqëzimi","Leka Toto","3","Dollapi 7",""
"1582","Vepra letrare 3","Naim Frasheri","30","Dollapi 9",""
"1583","Vepra letrare 4","Naim Frasheri","","Dollapi 9",""
"1584","Vepra letrare 5","Naim Frasheri","","Dollapi 9",""
"1585","Vepra letrare 6","Naim Frasheri","","Dollapi 9",""
"1586","Poezia shqipe","","3","Dollapi 9",""
"1587","Vepra 1","Sami Frasheri","1","Dollapi 9",""
"1588","Vepra letrare 2","Mitrush Kuteli","2","Dollapi 9",""
"1589","Vepra letrare 3","Mitrush Kutel","4","Dollapi 9",""
"1590","Vepra letrare 4","Mitrush Kutel","3","Dollapi 9",""
"1591","Vepra letrare 5","Mitrush Kutel","3","Dollapi 9",""
"1592","Vepra te zgjedhura","Naim Frasheri","5","Dollapi 9",""
"1593","Armiqte","Xhemil Frasheri","1","Dollapi 9",""
"1594","Ne ndjekje te nje krimi","Thoma Frasheri","1","Dollapi 9",""
"1595","Doktor gjilpera,kater perrallat shqiperia si mu duk","Faik Konica","9","Dollapi 9",""
"1596","Shqiperia:kopshti shkembor I europes juglindore","Faik Konica","2","Dollapi 9",""
"1597","Vepra letrare 3","Cajupi","3","Dollapi 9",""
"1598","Vepra letrare 1","Cajupi","3","Dollapi 9",""
"1599","Vepra letrare2","Cajupi","1","Dollapi 9",""
"1600","Gjoha jone sa e mire","Naim Frasheri","3","Dollapi 9",""
"1601","Baba Tomorri dhe vjersha te tjera","Naim Frashei","31","Dollapi 9",""
"1602","Shqipetar","Cajupi","1","Dollapi 9",""
"1603","Poezi te zgjedhura","Cajupi","14","Dollapi 9",""
"1604","Poezia shqipe","Ali Asllani","9","Dollapi 9",""
"1605","Israelite dhe filistine","Fan S Noli","1","Dollapi 9",""
"1606","Vepra 1","Sami Frasheri","1","Dollapi 9",""
"1607","Vepra 2","Sami Frasheri","2","Dollapi 9",""
"1608","Vepra letrare 4","Cajupi","4","Dollapi 9",""
"1609","Ndre Mjeda","Juvenilja dhe vjersha te tjera","13","Dollapi 9",""
"1610","Vepra te zgjedhura","Zef Jubani","5","Dollapi 9",""
"1611","Chri Chri bota sic ish. Kur qante e qeshte bilbili","","5","Dollapi 9",""
"1612","Tregime te zgjedhura","Nonda Bulka","4","Dollapi 9",""
"1613","Maska te cjerra","Nonda Bulka","4","Dollapi 9",""
"1614","Vepra letrare3","Nonda Bulka","9","Dollapi 9",""
"1615","Nikolejda","Gjergj Fishta","9","Dollapi 9",""
"1617","Evgjeni Grande","Monone de Balzak","1","rafte",""
"1618","Pallati I Endrrave","Ismail Kadare","1","rafte",""
"1619","Kronike ne gur","Ismail Kadare","1","rafte",""
"1620","Etika dhe iluminimi","Ndricim thomai","9","rafte",""
"1621","Mbi artin Bizantin","Viktori Puzanova","8","rafte",""
"1622","Shqiperia dhe vendi I shqiptarve","Hygo Adofi Bernatzis","5","rafte",""
"1623","Shqiptaret ne venedik","Ducia Nadin","7","rafte",""
"1624","Intuide dhe vetedije kritike","Florensha Dado","4","rafte",""
"1625","Mrizi I Zanave","Gjergj Fishta","6","rafte",""
"1626","Lahuta e Malcis","Gjergj Fishta","2","rafte",""
"1627","Don Kishoti I Mances","Servantes","1","rafte",""
"1628","Programe te kurrikules berthamore te gjimnazit","","1","rafte",""
"1629","A history of Scotland","William Moffat","17","rafte",""
"1630","Network English","Rosemary Moor","67","rafte",""
"1631","come ha avuto origine la vita","","1","rafte",""
"1632","Agostuno","Alberto Monavo","1","rafte",""
"1633","Shota dhe Azet Galica","Ajet Haxhiu","1","rafte",""
"1634","Bajram Curri","Skender drini","1","rafte",""
"1635","interpretimi I endrrave,jeta sociale e njeriut","Sigmund Freud","1","rafte",""
"1636","Fshati midis ujrave","Kole Jakovari","1","rafte",""
"1637","Tregime Te zgjedhura","Mitrush Kuteli","1","rafte",""
"1638","Poema dhe Vjersha","Fatos Arapi","2","rafte",""
"1639","Karnavalet e Korces","Spiro Comora","1","rafte",""
"1640","Neoshqiptarizma","Ndricim Kulla","8","rafte",""
"1641","Petro Luarasi","Skender Luarasi","2","rafte",""
"1642","Karta e parisit","","1","rafte",""
"1643","Sebashku me Krishtin ne Jete","","1","rafte",""
"1644","The Tango Briefing","Adam holl","1","rafte",""
"1645","gramshi ne shekuj per liri","Kadri Musai","1","rafte",""
"1646","Qemal Stafa","Nasho Jorgaqi","1","rafte",""
"1647","The women is white","Wilkie Collins","1","rafte",""
"1648","Under the greenwood tree","Thomas Hardy","1","rafte",""
"1649","Soldier,sail North","james Pattinson","1","rafte",""
"1650","The arts man's quest for beauty","","1","rafte",""
"1651","Matura 2007 teste","","1","rafte",""
"1652","Udhezues per zhvillimin e kurrikules se re te gjimnazit","","1","rafte",""
"1653","Cmimet fituese ne poezi dhe proze per 20 shkolla","","1","rafte",""
"1654","Basketboll 1947 femra 1997","Dhimiter Bardhi","1","rafte",""
"1655","Orteku","Rexhai Surrai","1","rafte",""
"1656","Mein Kampf","Adolf hitleri","","rafte",""
"1657","Tregime","Gide mopasau","3","rafte",""
"1658","Dita e veres ne Elbasan","Sitke Q.Cerrekja","","rafte",""
"1659","Kontributi shqiptar ne rilindjen europiane","Mikel prendusgi","","rafte",""
"1660","Andon Zako Cajupi","Gjergj Zheji","","rafte",""
"1661","Femijet e Sotem","Azis Nesin","","rafte",""
"1662","ne stinen e fitores","Refik kucaj","","rafte",""
"1663","Misioni shek XX","Tajar Zavaloni","","rafte",""
"1664","Vepra","Faik Konica","","rafte",""
"1665","Lirika Greke","Heurik lacaj","","rafte",""
"1666","I semuri per mend","Molier","2","rafte",""
"1667","Vepra letrare","Veli stafa","","rafte",""
"1668","Vepra letrare","Pashko Vasa","","rafte",""
"1669","Vepra letrare 1","Sterjo Spasse","3","rafte",""
"1670","Vepra letrare 2","Sterjo Spasse","2","rafte",""
"1671","Vepra letrare 3","Sterjo Spasse","2","rafte",""
"1672","Vepra letrare 4","Sterjo Spasse","1","rafte",""
"1673","Vepra letrare 5","Sterjo Spasse","2","rafte",""
"1674","Vepra letrare 6","Sterjo Spasse","2","rafte",""
"1675","Vepra letrare 7","","2","rafte",""
"1676","Antologjia e  mendimit shqiptar","Ndricim kulla","8","rafte",""
"1677","Lufta antifashiste ncional clirimare ne gramsh e me gjere","Kadri Musai","1","rafte",""
"1678","Transformimi I medias dhe kujtesa kolektive ne Shqiperi","Jonila Gadole,","2","rafte",""
"1679","Ceshtja Shqiptare,Riformesimi I ballkanit","James Petrifer,Miranda Vickers","5","rafte",""
"1680","Antalogji per Skenderbene","Nasha Jorgaqi","2","rafte",""
"1681","Fan Noli sic e kam njohur","Behar shtylla","10","rafte",""
"1682","Raca Shqiptare","jakov Miloi","6","rafte",""
"1683","Memento per Rugoven","Sabri Hamiti","10","rafte",""
"1684","Historia Boterore dhe qyteterimi 2","Karl Grimberg","2","rafte",""
"1685","Historia Boterore dhe qyteterimi 3","Karl Grimberg","1","rafte",""
"1686","Historia Boterore dhe qyteterimi 4","Karl Grimberg","1","rafte",""
"1687","Historia Boterore dhe qyteterimi 5","Karl Grimberg","2","rafte",""
"1688","Historia Boterore dhe qyteterimi 6","Karl Grimberg","1","rafte",""
"1689","Historia Boterore dhe qyteterimi 7","Karl Grimberg","2","rafte",""
"1690","Historia Boterore dhe qyteterimi 8","Karl Grimberg","1","rafte",""
"1691","Historia Boterore dhe qyteterimi 9","Karl Grimberg","1","rafte",""
"1692","Historia Boterore dhe qyteterimi 10","Karl Grimberg","1","rafte",""
"1693","Historia Boterore dhe qyteterimi 11","Karl Grimberg","2","rafte",""
"1694","Per Nenshkrimin e Historis shqiptare","N.Kulla-D.Thomallari","8","rafte",""
"1695","Lufta ne Shqiperi","Gian carlo fusco","10","rafte",""
"1696","Vilsoni dhe Genci","Sadik Bejko","9","rafte",""
"1697","Lufta ne Shqiperi","Gian Carlo Fusco","10","rafte",""
"1698","Per rishikimin e historis shqiptare","Ndricim kulla.Dritan Thomallari","8","rafte",""
"1699","Edward Lear ne shqiperi","Eduard lear","10","rafte",""
"1700","Visarion Xhuvani ne kishe,ne parlament ne burg","Visarion xhuvani","8","rafte",""
"1331","Di ta lexoj fytyrën","Liri Setillari","2","Dollapi 7",""
"1332","Rrjedh një lumë","Bajazit Gohani","2","Dollapi 7",""
"1333","Tri komedi","Spro Camora","5","Dollapi 7",""
"1334","Drama","Rruzhdi","3","Dollapi 7",""
"1335","Trimi vate Luli","Kolë Jakova","3","Dollapi 7",""
"1336","Profil","Liri Setillari","3","Dollapi 7",""
"1337","Toka jonë","Kolë Jakova","2","Dollapi 7",""
"1338","Lumi i dashurisë","Thoma Stejo","8","Dollapi 7",""
"1339","-","Llambro Ruçi","2","Dollapi 7",""
"1340","Burimi","Venera Ujko","9","Dollapi 7",""
"1341","Pres të jetoj","Eva Papamihali","2","Dollapi 7",""
"1342","Hapmë derën zonja mëmë","Venera Ujko","14","Dollapi 7",""
"1343","Mos hesht","Fatmir Terziu","22","Dollapi 7",""
"1344","Epoka para gjyqit","Ekrem Kryeziu","5","Dollapi 7",""
"1345","Luani I shtëpisë","Fadil Kraja","2","Dollapi 7",""
"1346","Përjetime","Zydi Zotaj","3","Dollapi 7",""
"1347","Autografe","Halit Shamata","3","Dollapi 7",""
"1348","Fisheku në pajë","Fadil Kraja","2","Dollapi 7",""
"1349","Mos më pyet ku kam qenë","Ilirian Zhupa","2","Dollapi 7",""
"1350","Im bir dhe rrezja e diellit","Mira Zaimasi","4","Dollapi 7",""
"1351","Pëllumbat e shkronjave","Naum Prifti","3","Dollapi 7",""
"1352","Shoku Niqifar","Pwllumb Kulla","3","Dollapi 7",""
"1353","Drama","Kolë Jakova","2","Dollapi 7",""
"1354","Abeli","Ethem Haxhiademi","2","Dollapi 7",""
"1355","Motër e dashur","Arsinoi Bino","3","Dollapi 7",""
"1356","Vite pa thirrje","Agim Shehu","2","Dollapi 7",""
"1357","Koha e komisarëve","Todi Thanasi","3","Dollapi 7",""
"1358","Gjaku i Arbërit","Fadil Kraja","3","Dollapi 7",""
"1359","Zemra nuk është këmishë","Teodor Keko","3","Dollapi 7",""
"1360","Futa","Sabri Hamiti","3","Dollapi 7",""
"1361","Koha e dritës","Sheri Mita","3","Dollapi 7",""
"1362","Shtatë shaljanët","Ndrekw Luca","2","Dollapi 7",""
"1363","Drama","Loni Papa","1","Dollapi 7",""
"1364","Fabula","","1","Dollapi 7",""
"1365","Me jetën  dashuruar","Lili Setillari","1","Dollapi 7",""
"1366","Shoku Ndricim hapi kasafortën","Rozi Theohari","1","Dollapi 7",""
"1367","Kështjella mbi basbanë","Januz Dini","1","Dollapi 7",""
"1368","Dy të plakur unë dhe Mefistofeli","Bashkim Hoxha","1","Dollapi 7",""
"1369","Mrika","Llazar Siliqi","1","Dollapi 7",""
"1370","Vatra e huaj","Ndrekw Luca","1","Dollapi 7",""
"1371","Në emër të lumturisë","Ismail Hoxha","1","Dollapi 7",""
"1372","Drama","Fadil Kraja","1","Dollapi 7",""
"1373","Përmbytja","Bardhok Sulejmani","1","Dollapi 7",""
"1374","Komunisti","Bardhok Sulejmani","1","Dollapi 7",""
"1375","Tek ky themel","Miliano Stefa","1","Dollapi 7",""
"1376","Zambaku im","Gjokë Beci","1","Dollapi 7",""
"1377","Nesër ju them gjysmën e mbetur","Artan Alimeta","1","Dollapi 7",""
"1378","Fund shpirti","Qazim Shehu","1","Dollapi 7",""
"1379","Elira","Jonuz Pini","1","Dollapi 7",""
"1380","Rritja","Jonuz Drini","1","Dollapi 7",""
"1381","Anëdet","Niko Kocalidha","1","Dollapi 7",""
"1382","Mes njerëzve","Llambro Ruçi","1","Dollapi 7",""
"1383","Pesë qortimet","Agim Shehu","1","Dollapi 7",""
"1384","Shtëpia e lepujve","Zija Çeja","1","Dollapi 7",""
"1385","Kujtesa e ajrit","Visar Zhiti","4","Dollapi 7",""
"1386","A thua do vish duke qeshur","Preç Zogaj","3","Dollapi 7",""
"1387","Rrugë për larg","Vath Koreshi","3","Dollapi 7",""
"1388","Poezia shqipe","Lirim Deda","3","Dollapi 7",""
"1389","Pranvera e pozicioneve","Kujtim Halili","2","Dollapi 7",""
"1390","Jehona e kohës","Mark Krasniqi","1","Dollapi 7",""
"1391","Përsëri në udhë","Koci Petriti","2","Dollapi 7",""
"1392","Kur dola në jetë","Tasim T. Aliaj","1","Dollapi 7",""
"1393","Poezia shqipe","Koci Petriti","5","Dollapi 7",""
"1394","Drama e Sakes","Vath Koreshi","9","Dollapi 7",""
"1395","Poezi","Rahman Dedaj","5","Dollapi 7",""
"1396","Ditë njerëzore","Bardhyl Londo","3","Dollapi 7",""
"1397","Tregime të zgjedhura","Vath Koreshi","2","Dollapi 7",""
"1398","Mars","Vath Koreshi","1","Dollapi 7",""
"1399","Nomeja e largët","Faik Ballanca","2","Dollapi 7",""
"1400","Larg dhe afër","Nasho Jorgaqi","5","Dollapi 7",""
"1401","Tregime të zgjedhura","Nasho Jorgaqi","6","Dollapi 7",""
"1402","Dasmë e cuditshme","Sotir Andoni","8","Dollapi 7",""
"1403","Te ky themel","Militano Stefa","4","Dollapi 7",""
"1404","Përballë hekurave të kryqëzuar","Kolë Jakova","4","Dollapi 7",""
"1405","Prag feste","Petraq Kita","4","Dollapi 7",""
"1406","Gurët","Agim Isaku","2","Dollapi 7",""
"1407","Mërgata e qyteteve 1","Nasho Jorgaqi","3","Dollapi 7",""
"1408","Mërgata e qyteteve 2","Nasho Jorgaqi","1","Dollapi 7",""
"1409","Lëshoma hisen e Diellit","Adem Istrefi","1","Dollapi 7",""
"1410","Muza 2","Grup autorësh","1","Dollapi 7",""
"1411","Gjergj Kastrioti","Mirosh Merkaj","1","Dollapi 7",""
"1412","Kohë e krisur","Xhevahir Spahiu","1","Dollapi 7",""
"1413","Heshtje s'ka","Xhevahir Spahiu","1","Dollapi 7",""
"1414","Brigjeve të Erzenit","Skënder Josa","1","Dollapi 7",""
"1415","Arkitektura e zemrës","Agim Shehu","10","Dollapi 7",""
"1416","Libri i të mallkuarve","Jusuf Buxhovi","3","Dollapi 7",""
"1417","Agime shqiptare","Xhevahir Spahiu","2","Dollapi 7",""
"1420","Ndjenja po rrit brezat","Tonin Shtjefri","2","Dollapi 11",""
"1421","Familja sociale dhe struktura e saj","Lara Aliu","","Dollapi 11",""
"1422","Elementet te teoris speciale te relativitetit","Italil Sykja","1","Dollapi 11",""
"1423","Bota letrar","","2","Dollapi 11","Roman"
"1424","Mesimdhenesit e historis moderne te Evropes Juglindore","Dr.L.Sutton-R.sutton","5","Dollapi 11",""
"1425","Lufta e Kosoves","Eric Laurent","10","Dollapi 11","Histori"
"1426","Aspekte te mendimit politik shoqeror shqiptaro 1913-1915","Gazmend Shpuza","1","Dollapi 11",""
"1427","Zbathur","Flutura Acka","1","Dollapi 11","Roman"
"1428","Kryqi I harreses","Flutra Acka","1","Dollapi 11","Roman"
"1429","Aleksander Moisiu","Vangjel Moisiu","1","Dollapi 11",""
"1430","Shkolla normale Luigj Gurakuqi Elbasan","Trendafili","2","Dollapi 11",""
"1431","Kush foli Zarathustra","Friedrich Nietische","2","Dollapi 11",""
"1432","V.L.8","Sterio Spasse","1","Dollapi 11",""
"1433","V.L.9","Sterio Spasse","1","Dollapi 11",""
"1434","Poezia+Proz 1","Drago Siliqi","2","Dollapi 11",""
"1435","Poezi+Proz 2","Drago Siliqi","1","Dollapi 11",""
"1436","Poezia 1","Ziuni Seko","2","Dollapi 11",""
"1437","Tregime/Publistike 2","-//-","","Dollapi 11",""
"1438","Novela 3","-//-","","Dollapi 11",""
"1439","Romani 1","Jakov Xoxa","","Dollapi 11",""
"1440","-//- 3","-//-","2","Dollapi 11",""
"1441","-//- 5","-//-","","Dollapi 11",""
"1442","-//- 6","-//-","2","Dollapi 11",""
"1443","Prova gjaku","Hysni Daja","","Dollapi 11",""
"1444","Tregime","","","Dollapi 11",""
"1445","Celsa per te hapur thesarin","Ndricim Kulla-Dritan Thomalli","","Dollapi 11",""
"1446","Historia e Skenderbeut","Naim Frasheri","3","Dollapi 11",""
"1447","Dita e Veres","Thomas Meksi","","Dollapi 11",""
"1448","Valixhja diplomatike","Pietro Kuaroni","","Dollapi 11",""
"1449","Hija e Maleve","Ernes Koliqi","","Dollapi 11",""
"1450","5 leksione mbi psikoanalizen","Frojdi","","Dollapi 11",""
"1451","Junaji","Alber Kamy","","Dollapi 11",""
"1452","Vepra letrare","Pashko Vasa","","Dollapi 11","Vepra letrare"
"1453","Mitologjite","Roland Barthes","","Dollapi 11",""
"1454","Tespinet prej fosfori","Jovan Nikolaidis","","Dollapi 11",""
"1455","Hapa ne rrug te reja","Agim Polorina","2","Dollapi 11",""
"1456","The heritag","Univ.Nderkombetar I Struges","","Dollapi 11",""
"1457","Fjalori I personazheve kodare","Tefik Kaushi","4","Dollapi 11",""
"1458","Bijt e shpates Shqiptare","Mexhit Kokalari","","Dollapi 11",""
"1459","Hija e atit tjetrit","Sulejman Kaba","","Dollapi 11",""
"1460","Shikime nga skena","Naxhi Ndoci","","Dollapi 11",""
"1461","Vende te largeta Blindare I katert","Arkadij Gajdar","","Dollapi 11",""
"1462","Prometeus Mberthyes","Eskili","1","Dollapi 11",""
"1463","Roman","Fatmir Gjjata","9","Dollapi 11",""
"1464","Romane","Ali Abdihoxha","50","Dollapi 11",""
"1465","Duarshtrrengime","Petro Lekeri","1","Dollapi 11",""
"1466","Bilbilat e vendit tim","Lefter Cipa","1","Dollapi 11",""
"1467","Rajoni Malor Shteteror","Agjma Qendrore e vlersimeve te arritjeve te nxeseve","1","Dollapi 11",""
"1468","Programe kendore shkolla 9 vjecare","Shkrimi I kurrikulave dhe standarteve","1","Dollapi 11",""
"1469","Vepra letrare 1","Spiro Comora","1","Dollapi 11","Vepra letrare"
"1470","-//- 2","-//-","1","Dollapi 11",""
"1471","-//- 3","-//-","","Dollapi 11",""
"1472","-//- 4","-//-","1","Dollapi 11",""
"1473","Emblema Elbasan","Thomas Meksi","1","Dollapi 11",""
"1474","Univers I vlerave te mungura","Tomor Plangarica","4","Dollapi 11",""
"1475","Mali","Paplina Dedja","1","Dollapi 11",""
"1476","Me vjen keq per Jagon","Fatos Arapi","10","Dollapi 11",""
"1477","Vershimet e Ujvarave","Eoi Dashi","1","Dollapi 11",""
"1478","Udha e Pelumbit","","2","Dollapi 11",""
"1479","5 leksione mbi psikoanalizen","Frojdi","1","Dollapi 11",""
"1480","Harresa e emrave","Frojdi","1","Dollapi 11",""
"1481","Veptimet e gabuara","Frojdi","1","Dollapi 11",""
"1482","Qetesi ne shtrrengat","Shpresa Kamami","5","Dollapi 11",""
"1483","Autoautike","Gazmend Kongoli","9","Dollapi 11",""
"1484","Zhyl Vern ne Katror","Niko Nikolla","2","Dollapi 11",""
"1485","Tangerlleqet madheshtore te Efez Bretkoses","Astrit Karadaku","1","Dollapi 11",""
"1486","Dallada e yjeve te ndezura","Perikli Jorgani","1","Dollapi 11",""
"1487","Frika","Frojdi","1","Dollapi 11",""
"1488","Agresioni idologjik dhe lufta kunder tij","Sevo Tarifa","1","Dollapi 11",""
"1489","Egjerushi","Cezar Petresku","1","Dollapi 11",""
"1490","Besa e Madhe","Mirosh Macaj","1","Dollapi 11",""
"1491","Shoqeria Dallandyshe","Lejde Shocu","1","Dollapi 11",""
"1492","Shoku pylli,buci","Atile Jozef","1","Dollapi 11",""
"1493","Trima e te vendosur","Konstandin Leli","1","Dollapi 11",""
"1494","Akademia e larget","Shefki Karadaku","1","Dollapi 11",""
"1495","Keng per detin","Atonza Kosin","1","Dollapi 11",""
"1496","Lirika e Majit","Koci Petriti","1","Dollapi 11",""
"1497","Soditja","Nonda Bulku","1","Dollapi 11",""
"1498","Mergata e qyqeve","Nasho Jorgaqi","1","Dollapi 11",""
"1499","Frojdi","Stefan Cvojg","1","Dollapi 11",""
"1500","Endrrat","Frojdi","2","Dollapi 11",""
"1501","Pse","Sterjo Spusse","1","Dollapi 11",""
"1502","Atletika","Dhimiter Dardhi","1","Dollapi 11",""
"1503","Te mesuarit me objektiva","Dr.Petrit Muka","1","Dollapi 11",""
"1504","Ekonomia e Shqipris ne vitet e para te nderimit socialist","Iljaz Frishta-Veriom Toci","1","Dollapi 11",""
"1505","Lufta e Vlores","R.Ceqiraj","1","Dollapi 11",""
"1506","Udha e pellumbit","Egnatia","4","Dollapi 11",""
"1507","Universi I lirave te munguara","Jornor Plangarura","4","Dollapi 11",""
"1508","Me vjen keq per Jagon","Fatos Arapi","12","Dollapi 11",""
"1509","Friedrich Nietzsche","Kush foli Zarathustra","1","Dollapi 11",""
"1510","Ndjenja qe rrit brezat","Tonin Shtfjeni","2","Dollapi 11",""
"1511","Zhyl Verni Laruar","Niko Nikolla","1","Dollapi 11",""
"1512","Autokritik","Gazmend Kongali","13","Dollapi 11",""
"1513","Grabitsit shumekembesh","Dervish Dumi-Napoleon Roshi","2","Dollapi 11",""
"1514","Vikinget","Lef Mazi","4","Dollapi 11",""
"1515","Fjalori I termave te ekonomis politike","Akademia e Shkencave","1","Dollapi 11",""
"1516","Etnografia Shqiptare 16","","1","Dollapi 11",""
"1517"," Etnografia Shqiptare 11","","","Dollapi 11",""
"1518","Etnografia Shqiptare 13","","1","Dollapi 11",""
"1519","Etnografia Shqiptare 15","","1","Dollapi 11",""
"1520","Keng popullore historike","Univ.Shteteror I Tiranes","2","Dollapi 11",""
"1521","Te njohim veshjet tona popullore","","1","Dollapi 11",""
"1522","Muzike popullore instrumentale","Pirro Misko","1","Dollapi 11",""
"1523","Proza Popullore","Jorgo Panajoti","1","Dollapi 11",""
"1524","Perralla shqiptare","Doria Omari","2","Dollapi 11",""
"1525","Epika Legjendare 6","Folklor shqiptar","2","Dollapi 11",""
"1526","Politika dhe Demokracia","Kval-Mellbye-Tranoy","16","Dollapi 11",""
"1527","Spechi-Migjeni","Leiv Mjeldheim-Solvi Lillejord-E.de Solveberg","17","Dollapi 11",""
"1528","Iliret","Rinush Idrizi","6","Dollapi 11",""
"1529","Tregimet e Peterburgut","Nikollai Gogol","2","Dollapi 11",""
"1530","Gezuar shok","Nikollai Gogol-Feut U.Hallini","9","Dollapi 11",""
"1531","Udhet hedhin valle","Shefqet Peci","2","Dollapi 11",""
"1532","Burrat e Liris","Thonas Dina","1","Dollapi 11",""
"1533","Kur therret nena e madhe","Akademia e Shkencave","1","Dollapi 11",""
"1534","Poezia neper kohe","Dalip Sharma","3","Dollapi 11",""
"1535","Individualiteti dhe vepra letrare","Ishno Thoma","2","Dollapi 11",""
"1536","Studime per letersin e realiste","Nexhep Gami","4","Dollapi 11",""
"1537","Risi te letersis","Jakup Mato","1","Dollapi 11",""
"1538","Shqipria ne socializim socialis","Razi Ibrahimi","1","Dollapi 11",""
"1539","Vepra dhe profile hyrse krijuese","Adriatik Kaluli","2","Dollapi 11",""
"1540","Nga realiteti ke krijimtaria","Enver Muhameti","2","Dollapi 11",""
"1541","Fjalor Pamor Trigjuhesh","Jean Claude Corteie","","Dollapi 11",""
"1542","Dichonnaire du Francais Prinardiel","Micro Robert","","Dollapi 11",""
"1543","Nga shkoi me kuror te drapi me cekan","Beqir Ajazi","","Dollapi 11",""
"1544","Dizionoria competto della lingua Italiane","Anna Cattana-Maria Teresa Nesci","","Dollapi 11",""
"1545","Brenga e ballkanit dhe vepra te tjera per shqiprin dhe shqiptaret","Edith Durhan","","Dollapi 11",""
"1546","Shqiptaret(Nje histori moderne)","Miranda Vickers","","Dollapi 11",""
"1547","Dashuria per jeten","Erich Fromm","","Dollapi 11","Psikologji"
"1548","Korografia 4","","","Dollapi 11",""
"1549","Korografia 1","","","Dollapi 11",""
"1550","Maja e Celur","Gjergj Zheji","","Dollapi 11","Poezi"
"1551","Maja e Celur","Natasha Xhafa","","Dollapi 11","Proz"
"1552","Kenga e Melodis","Festivali Folkorik","","Dollapi 11",""
"1553","Vepra letrare 2","Lame Kodra","7","Dollapi 11","Vepra letrare"
"1554","Vepra letrare 3","Lame Kodra","10","Dollapi 11","Vepra letrare"
"1555","Donkishoti Nances","M.De Servautes","","Dollapi 11",""
"1556","Tangerlleqet madheshtore te Efez Bretkosa","Astrit Karadaku","9","Dollapi 11",""
"1557","Parajsa","Daut Aligeri","","Dollapi 11",""
"1558","Purgator","Daut Aligeri","","Dollapi 11",""
"1559","Bolero ne vilen e pleqeve","Fatos Kongoli","","Dollapi 11",""
"1560","Vepra letrare 1","Mitrush Kuteli","","Dollapi 11","Vepra letrare"
"1561","Maim Frasuer","Dhimiter S.Shuteriqi","","Dollapi 11",""
"1562","Lekura qenit","Fatos Kongoli","","Dollapi 11",""
"1563","Eugjen Onjegini","A.S Pushkini","","Dollapi 11",""
"1564","Poezi shqip","J.De Rada","","Dollapi 11",""
"1565","Tregime te Zgjedhura","Mitrush Kuteli","","Dollapi 11",""
"1566","Ikja e Shtegut","Ismail Kadare","","Dollapi 11",""
"1567","Jerina Regina De Fiore","At Gjergj Fishta","","Dollapi 11",""
"1568","Universi letrar I Kadares","Tefik Caushi","2","Dollapi 11",""
"1569","Vepra letrare 2","Cajupi","2","Dollapi 11","Vepra letrare"
"1570","Vepra letrare 7","Dritor Agolli","","Dollapi 11","Vepra letrare"
"1571","Antologjia e poezis","Clirim Gega","","Dollapi 11",""
"1572","Medea","Europidi","5","Dollapi 11",""
"1573","Revolucioni Demokrat Borgjes 1924","Selim Shpura","2","Dollapi 11",""
"1574","Revolucioni Francez mendimtar shqiptar","Akademia e shkencave","3","Dollapi 11",""
"1575","Revolucioni I Qershorit","Fan Noli","2","Dollapi 11",""
"1576","Historia e Luftes Antifashiste Nacionaleclitimtare(1939-1944)","Akademia e Shkencave","2","Dollapi 11",""
"1577","Fraza politike te filozofis hellg","","1","Dollapi 11",""
"1578","Historia e Shqipris","Akademia e Shkencave","1","Dollapi 11",""
"1579","Princi","Nicholo Machiavelli","4","Dollapi 11","Histori"
"1580","Mehmet Pushtuesi","Franc Babinger","16","Dollapi 11",""
"1581","Vepra letrare 2","Naim Frasheri","30","Dollapi 9",""
"1702","Dhe nata u nda ne mes","Diana Culi","6","Rafte","Roman"
"1703","Diaktologjia shqiptare","Akademia e shkencave","2","Rafte",""
"1704","Mbledhes te folklorit","Nga kenga e popullit","4","Rafte","Vargje"
"1705","Mbi njeriun","Thoma D'Akuini","7","Rafte","Filozofi"
"1706","Qyteti","Max Weber","5","Rafte","Shkenca sociale"
"1707","Arsimi i gjenerates tjeter","Pellumb Karameta","5","Rafte",""
"1708","Histori e shkurter e Amerikes","Vjollca shtylla","3","Rafte",""
"1709","Politika, shkenca si profesion.Tre tipat e pastër të sundimit legjitim","Max Weber","5","Rafte",""
"1710","Leter per Tolerimin","John Locke","10","Rafte",""
"1711","Konceptimi i ankthit","Soren Kierkegaard","8","Rafte",""
"1712","Berisha përmes kasandrave","Fahri Balliu","8","Rafte",""
"1713","Mendimet","Blez Poskal","5","Rafte","Roman"
"1714","Misioni amerikan ne Shqiperi","Peter Ducas","8","Rafte",""
"1715","..popullor nga rrethi i vlores","Mbledhes te folklorit","1","Rafte",""
"1716","Folklor nga Devoll i sotem","Mbledhes te folklorit","1","Rafte",""
"1717","Akademia","Epoka historike","3","Rafte",""
"1718","Pirro Taki","Luigj Gurakuqi","1","Rafte",""
"1719","Mërgata e Qyqeve","Nasho Jorgaqi","2","Rafte","Roman"
"1720","Mic Sokoli","Sulejman Krasniqi","1","Rafte","Roman"
"1721","Shpirti i popullit ne valle","Ramazan Bogdani","1","Rafte",""
"1722","Kur dëgjojmë operën","Shaban Vani","4","Rafte",""
"1723","Lojëra popullore","Enver Bushati","3","Rafte",""
"1724","Mbledhes te hershem te folklorit shqiptar","Instituti i folklorit","2","Rafte",""
"1725","The Hardy Boys","Franklin Dixon","1","Rafte","Novele"
"1726"," Wild Wales","George Borrow","1","Rafte",""
"1727","one","","1","Rafte",""
"1728","Russia under the wild czars","Henry Moscow","1","Rafte",""
"1729","BBC Series","Starasky Hereh","1","Rafte",""
"1730","Ne gjurmet e nje perralle","Joun Phililip Sendez","1","Rafte",""
"1731","Sikur te me takoje tani"," Cecilia Ahern","1","Rafte","Roman"
"1732","Dje,sot,neser"," Sophia Loren","1","Rafte","Biografi"
"1733","Nje fjale e jotja","Elvira Lindo","1","Rafte",""
"1734","Dimri i njerezve"," Lionel Duroy","10","Rafte",""
"1735","Saga e Forsajtëve","John Galsworthy","1","Rafte",""
"1736","Mendimtaret per edukim","","8","Rafte",""
"1737","Historia e Ballkanit","Georges Castellan","4","Rafte","Histori"
"1738","Kerkime per shqipetaret per gjuhen shqipe","william Marturi","4","Rafte",""
"1739","Valixhja diplomatike","Pietro Kuaroni","9","Rafte","Histori"
"1740","Medea","Euripidi","5","Rafte","Tragjedi"
"1741","Miti i ballkanit te Kadareja","Ali Aliu","4","Rafte",""
"1742","Historia e luftes Antifashiste Nacionaliste te popullit shqiptar","","1","Rafte","Histori"
"1743","Kujtimet e jetes sime nga shqiperia","Maksimiliani i Parë","4","Rafte","Autobiografi"
"1744","Fjalori Anglisht-Shqip","Shpetim Cueka","1","Rafte","Fjalor"
"1745","Fjalor i mitologjise","Todri Dhoma","2","Rafte","Fjalor"
"1746","Morfologji e eptanit te gjuhes se sotme","Rahni Memushaj","1","Rafte","Morfologji"
"1747","Formimi i mitologjise se gjuhes shqipe","J. Thomaj","1","Rafte","Morfologji"
"1748","Frazeologjisma te gjuhes shqipe","Mehmet Gjevori","1","Rafte",""
"1749","Fjalori i gjuhes shqipe","Pauli qesku","1","Rafte","Fjalor"
"1750","Fjalori i shqipes se sotme","Akademia e shkencave","1","Rafte","Fjalor"
"1751","Kongresi i manastirit","","1","Rafte",""
"1752","Fjalor i sinonimit te gjuhes shqipe","Akademia e shkencave","1","Rafte","Fjalor"
"1753","Fjalori paratermit frengj-shqip","Dhimiter Olldasi","2","Rafte","Fjalor"
"1754","Fjalori  frengj-shqip","Vedat Kokora","1","Rafte","Fjalor"
"1755","Fjalor fren- shqip","Ramazan Hysa","3","Rafte","Fjalor"
"1756","Fjalor frengjisht- shqip","Vedat Kokona","2","Rafte","Fjalor"
"1757","Manuel del grammere Francese","Zoi Topi-Meholi Agolliu","1","Rafte","Modul"
"1758","Fjalor ang-shqip i radioelektronikes","Arif Tomcini","1","Rafte","Fjalor"
"1759","Gjuhe angleze per te zgjidhura","David Hicka","1","Rafte",""
"1760","Fjalor ang. Shqip","Ifo Stefanllari","1","Rafte","Fjalor"
"1761","Dora tjeter","Chris Cleave","1","Rafte","Roman"
"1762","Deti i paane i Saga","Jean Enys","1","Rafte",""
"1763","Fluturaku i kohes","Stefano Beeni","1","Rafte",""
"1764","Arti per t'u bere i paharrueshem","Dale Crarnegie","1","Rafte",""
"1765","Tirana qyteti i munguar","Sortir Dhoma","1","Rafte",""
"1766","Ku je?","Flutura Acka","1","Rafte",""
"1767","Vetmi gruaje","Flutura Acka","1","Rafte",""
"1768","Balero ne vitin e pleqve","Fatos Kongoli","1","Rafte",""
"1769","Te shkruajme ese","Bardhyl Hysai","3","Rafte",""
"1770","Ne te tre","Fatos Kongoli","2","Rafte",""
"1771","Afaresti","Honore de Balzak","5","Rafte",""
"1772","Psikologjia e rinise shkollore","","1","Rafte",""
